,Sample,Epsilon 0,Epsilon 1,Epsilon 2,Epsilon 4,Epsilon 8,Epsilon 16,Epsilon 32
0,0,0,0.1516498327255249,0.08423639833927155,0.04190433397889137,0.053289417177438736,0.08715590089559555,0.11678565293550491
1,2,0,0.0,0.0,0.0,0.0,0.11763306707143784,0.1782526820898056
2,3,0,0.16207773983478546,0.14953337609767914,0.10600805282592773,0.1457187831401825,0.10644858330488205,0.2735949754714966
3,4,0,0.018643444404006004,0.02813342586159706,0.01772567816078663,0.016588598489761353,0.03981587663292885,0.15688537061214447
4,5,0,0.053544215857982635,0.06206967309117317,0.1215657964348793,0.05446440726518631,0.05434470623731613,0.0656290352344513
5,6,0,0.11850897967815399,0.1288832575082779,0.12658211588859558,0.11321861296892166,0.1324959695339203,0.10946585237979889
6,10,0,0.16963735222816467,0.1516239196062088,0.1218961775302887,0.18114608526229858,0.062460463494062424,0.12912079691886902
7,11,0,0.0,0.0,0.0,0.02699872851371765,0.0,0.09013012796640396
8,12,0,0.22384518384933472,0.17886660993099213,0.13243888318538666,0.15348292887210846,0.23234376311302185,0.20807577669620514
9,14,0,0.04768214002251625,0.07263613492250443,0.09310978651046753,0.12067902833223343,0.10244376212358475,0.06163589656352997
10,15,0,0.0912155956029892,0.05775388702750206,0.043930381536483765,0.08632452040910721,0.07557245343923569,0.09822244197130203
11,16,0,0.11879805475473404,0.132664293050766,0.17487017810344696,0.18380950391292572,0.08712001144886017,0.0
12,17,0,0.36526691913604736,0.41038358211517334,0.4278595447540283,0.43939974904060364,0.4749161899089813,0.2349066138267517
13,19,0,0.05584918335080147,0.06290145963430405,0.07726068794727325,0.09902884811162949,0.1538984775543213,0.08404956758022308
14,21,0,0.056747917085886,0.0567641444504261,0.05308767035603523,0.037826329469680786,0.0443250872194767,0.07443166524171829
15,22,0,0.16630439460277557,0.2787688076496124,0.30070364475250244,0.20423269271850586,0.3677256107330322,0.49603456258773804
16,24,0,0.1451207846403122,0.09978631883859634,0.11469782143831253,0.22238102555274963,0.18794897198677063,0.035456009209156036
17,25,0,0.034261658787727356,0.03508257865905762,0.06203055381774902,0.08165007084608078,0.08656518906354904,0.17419584095478058
18,26,0,0.059913184493780136,0.054478906095027924,0.052048686891794205,0.045817937701940536,0.027382107451558113,0.04514048993587494
19,27,0,0.21809661388397217,0.12135986238718033,0.14422793686389923,0.2887694537639618,0.3122139573097229,0.17273598909378052
20,28,0,0.0,0.07053705304861069,0.06365302950143814,0.08220487087965012,0.06449278444051743,0.24822255969047546
21,29,0,0.0,0.016210516914725304,0.02361840382218361,0.08660966157913208,0.09006685763597488,0.24037979543209076
22,31,0,0.0,0.08507215976715088,0.039225272834300995,0.03272826597094536,0.05234896391630173,0.317166805267334
23,32,0,0.04863507300615311,0.04671856388449669,0.05750959366559982,0.07098758220672607,0.0,0.0
24,33,0,0.22894127666950226,0.18527252972126007,0.09810980409383774,0.10367729514837265,0.14111991226673126,0.15789549052715302
25,34,0,0.2251410037279129,0.13481973111629486,0.07308071851730347,0.049292027950286865,0.09222179651260376,0.32239896059036255
26,36,0,0.2009328156709671,0.1935543268918991,0.12925249338150024,0.13979017734527588,0.1116129532456398,0.1626647412776947
27,37,0,0.0479513518512249,0.04242650046944618,0.047962624579668045,0.05625804886221886,0.05004831776022911,0.03621106594800949
28,39,0,0.12494175136089325,0.09707371145486832,0.0965745747089386,0.1605684608221054,0.3263704478740692,0.536527693271637
29,40,0,0.14239658415317535,0.14176695048809052,0.19718489050865173,0.24135084450244904,0.08377604931592941,0.2825327217578888
30,41,0,0.24806834757328033,0.26709792017936707,0.14997388422489166,0.24409034848213196,0.542370617389679,0.0998525395989418
31,42,0,0.21179573237895966,0.22115056216716766,0.15666277706623077,0.11382955312728882,0.20982825756072998,0.20737284421920776
32,43,0,0.09447508305311203,0.06270061433315277,0.04606175422668457,0.05294463410973549,0.06077250838279724,0.1790553480386734
33,44,0,0.0,0.0,0.0,0.0,0.23331481218338013,0.7841667532920837
34,45,0,0.13652783632278442,0.05581984296441078,0.1005975529551506,0.23460768163204193,0.08125043660402298,0.056166645139455795
35,46,0,0.03688594326376915,0.028627490624785423,0.035465307533741,0.07347997277975082,0.08448999375104904,0.34670937061309814
36,47,0,0.12253735214471817,0.16214774549007416,0.1975962221622467,0.15536460280418396,0.05084711313247681,0.173092782497406
37,50,0,0.04126407951116562,0.06277327239513397,0.06793546676635742,0.04683881998062134,0.04264561086893082,0.21124471724033356
38,51,0,0.16277220845222473,0.24036754667758942,0.32671093940734863,0.34714236855506897,0.47384411096572876,0.40262264013290405
39,52,0,0.15688484907150269,0.2243041843175888,0.1466035395860672,0.20945677161216736,0.059610698372125626,0.052842944860458374
40,53,0,0.09554809331893921,0.07493835687637329,0.13219931721687317,0.1188042163848877,0.08303294330835342,0.15303626656532288
41,54,0,0.14410793781280518,0.1260533183813095,0.18846112489700317,0.08650258928537369,0.10523835569620132,0.5206829905509949
42,57,0,0.05134522169828415,0.052863337099552155,0.05712069943547249,0.10348909348249435,0.10845186561346054,0.14754456281661987
43,58,0,0.0,0.0449577234685421,0.0,0.0,0.0756843313574791,0.39790308475494385
44,60,0,0.0,0.0,0.0,0.12588366866111755,0.3455846607685089,0.43638527393341064
45,61,0,0.02605445869266987,0.03225451335310936,0.05210096389055252,0.0444144681096077,0.07791745662689209,0.5041053295135498
46,62,0,0.10562866926193237,0.18799430131912231,0.32707059383392334,0.4922449588775635,0.5515075922012329,0.3169593811035156
47,63,0,0.04342396929860115,0.03546498343348503,0.04359053075313568,0.04477584734559059,0.17611923813819885,0.390852153301239
48,65,0,0.03734569251537323,0.03579990193247795,0.02532823570072651,0.05236753448843956,0.17696428298950195,0.031108276918530464
49,66,0,0.10087667405605316,0.09168432652950287,0.0698724165558815,0.10163965821266174,0.09061726182699203,0.2994336783885956
50,67,0,0.1792364865541458,0.16056537628173828,0.35272216796875,0.486734539270401,0.1949286013841629,0.0
51,68,0,0.04357755556702614,0.058629464358091354,0.08181692659854889,0.062070563435554504,0.10729061812162399,0.23099437355995178
52,69,0,0.24909912049770355,0.26649078726768494,0.1934230923652649,0.046652622520923615,0.031202392652630806,0.10482845455408096
53,70,0,0.178087517619133,0.15823273360729218,0.2310246080160141,0.3448909819126129,0.33690449595451355,0.23118805885314941
54,71,0,0.227835014462471,0.15206991136074066,0.099148228764534,0.058877427130937576,0.03211178630590439,0.08687989413738251
55,72,0,0.0,0.0,0.1770501434803009,0.2292667031288147,0.7700871229171753,0.8425403237342834
56,73,0,0.06509850174188614,0.07762464880943298,0.11757128685712814,0.17578217387199402,0.164811909198761,0.06599261611700058
57,75,0,0.0,0.0,0.0,0.17688703536987305,0.2337130904197693,0.10051437467336655
58,76,0,0.38082370162010193,0.3255109488964081,0.33030539751052856,0.44447121024131775,0.46874016523361206,0.38468629121780396
59,77,0,0.0,0.03059615194797516,0.029383696615695953,0.16374577581882477,0.09780748188495636,0.18462736904621124
60,78,0,0.0,0.0,0.0,0.0,0.1554330289363861,0.42089182138442993
61,79,0,0.050682779401540756,0.05470297113060951,0.05309247598052025,0.06330014020204544,0.15551666915416718,0.2623443603515625
62,80,0,0.19013085961341858,0.18087007105350494,0.1410628855228424,0.1289505511522293,0.07687054574489594,0.2993679940700531
63,81,0,0.28575167059898376,0.5363840460777283,0.5221520662307739,0.10919379442930222,0.05218063294887543,0.11493832617998123
64,82,0,0.05679728835821152,0.07260750979185104,0.03828549385070801,0.04141077399253845,0.05915515497326851,0.0632726177573204
65,83,0,0.06278475373983383,0.1483648121356964,0.3486230671405792,0.6283385753631592,0.5007869601249695,0.33069080114364624
66,84,0,0.11169096827507019,0.05172298476099968,0.04349356144666672,0.03922426700592041,0.058657970279455185,0.04370754212141037
67,85,0,0.11784330755472183,0.11105810850858688,0.22058333456516266,0.40380197763442993,0.4003954529762268,0.2880345582962036
68,86,0,0.05989450588822365,0.05121646448969841,0.04997941851615906,0.055902861058712006,0.14257188141345978,0.08142846822738647
69,87,0,0.1471395641565323,0.09677935391664505,0.1590823531150818,0.13457298278808594,0.13909511268138885,0.4153847098350525
70,88,0,0.1019996777176857,0.09670612215995789,0.13234920799732208,0.4261835813522339,0.3155112564563751,0.07789984345436096
71,89,0,0.05262824892997742,0.03509816899895668,0.07376018166542053,0.09281480312347412,0.13315801322460175,0.12136484682559967
72,91,0,0.09040159732103348,0.07149603217840195,0.08688931167125702,0.1070723906159401,0.25387826561927795,0.2758951783180237
73,92,0,0.24383364617824554,0.31980666518211365,0.18045420944690704,0.0666225478053093,0.04493607208132744,0.11647585779428482
74,93,0,0.0586971640586853,0.0663781687617302,0.06067344918847084,0.02864113077521324,0.11435771733522415,0.5043996572494507
75,94,0,0.0,0.0,0.0,0.0,0.0,0.0
76,95,0,0.016759200021624565,0.018776854500174522,0.02249840833246708,0.03932999446988106,0.037426989525556564,0.04783716797828674
77,96,0,0.0,0.013937664218246937,0.018254349008202553,0.03775349631905556,0.11066323518753052,0.0
78,97,0,0.06567065417766571,0.03262977674603462,0.03739679604768753,0.06198158860206604,0.21375177800655365,0.4878305196762085
79,98,0,0.04412239417433739,0.08996023237705231,0.11501132696866989,0.07507699728012085,0.13091179728507996,0.035492245107889175
80,99,0,0.17905829846858978,0.10916328430175781,0.07637526094913483,0.13010455667972565,0.10773172229528427,0.12852972745895386
81,100,0,0.14235764741897583,0.17393656075000763,0.19536343216896057,0.08703156560659409,0.18424756824970245,0.25731122493743896
82,101,0,0.13438144326210022,0.14365744590759277,0.13384315371513367,0.11248621344566345,0.12126624584197998,0.15794314444065094
83,102,0,0.1279619187116623,0.09036768227815628,0.09372762590646744,0.12704436480998993,0.2112513780593872,0.2760261595249176
84,103,0,0.0,0.0,0.049289457499980927,0.0,0.0,0.07388462871313095
85,106,0,0.06709201633930206,0.13641463220119476,0.18401987850666046,0.20155183970928192,0.18705879151821136,0.26176685094833374
86,107,0,0.057166703045368195,0.05253283679485321,0.04361756891012192,0.05831858143210411,0.03925272077322006,0.06436768919229507
87,108,0,0.023831654340028763,0.033814046531915665,0.0682733878493309,0.14077627658843994,0.20847734808921814,0.32742688059806824
88,109,0,0.0,0.0,0.0,0.0,0.0,0.0
89,111,0,0.0920037254691124,0.08468277752399445,0.09021920710802078,0.09610965847969055,0.14737869799137115,0.06295634806156158
90,114,0,0.0,0.0,0.0,0.04893205687403679,0.0,0.0
91,115,0,0.05677499994635582,0.08353929221630096,0.0882946103811264,0.05026298016309738,0.07251372933387756,0.22616951167583466
92,116,0,0.07941224426031113,0.10032285749912262,0.11416579782962799,0.19121506810188293,0.39754119515419006,0.09176523238420486
93,117,0,0.08965381979942322,0.0660303458571434,0.05868453532457352,0.08474341034889221,0.05550774931907654,0.08473873883485794
94,118,0,0.07537225633859634,0.03889741376042366,0.02233612723648548,0.03255993872880936,0.04916878789663315,0.13944895565509796
95,120,0,0.0,0.0,0.0,0.0,0.0,0.0
96,121,0,0.04254668205976486,0.044767145067453384,0.06672977656126022,0.08408805727958679,0.06765932589769363,0.07091901451349258
97,122,0,0.04528679698705673,0.050291094928979874,0.04386574774980545,0.03566458448767662,0.03621131181716919,0.10378838330507278
98,123,0,0.08817630261182785,0.13713473081588745,0.08792495727539062,0.03945746645331383,0.26671546697616577,0.28683531284332275
99,124,0,0.0,0.044763173907995224,0.03286861628293991,0.09547095000743866,0.11067789793014526,0.14786003530025482
100,125,0,0.08589430153369904,0.05763765424489975,0.04572410508990288,0.0613764263689518,0.14090950787067413,0.3397793471813202
101,126,0,0.09297751635313034,0.07094430178403854,0.07759843021631241,0.22757740318775177,0.12073645740747452,0.1395646184682846
102,127,0,0.0,0.0,0.0,0.0,0.0,0.0
103,128,0,0.33197346329689026,0.2647688388824463,0.1654367446899414,0.07557322829961777,0.0,0.14955739676952362
104,129,0,0.23583649098873138,0.09964270144701004,0.18091832101345062,0.23087963461875916,0.2475346028804779,0.11960297077894211
105,131,0,0.0,0.0,0.0,0.0,0.0,0.5563294291496277
106,132,0,0.0,0.0,0.0,0.0,0.0,0.0
107,133,0,0.160882830619812,0.09218355268239975,0.07210883498191833,0.04271770268678665,0.12607476115226746,0.09731823205947876
108,134,0,0.2960732877254486,0.2673296332359314,0.21808359026908875,0.15906962752342224,0.14842967689037323,0.15891726315021515
109,136,0,0.058751046657562256,0.038382310420274734,0.04672444611787796,0.047008831053972244,0.04798216000199318,0.09310155361890793
110,137,0,0.028749685734510422,0.028977276757359505,0.010098896920681,0.034936729818582535,0.0416269488632679,0.09483283758163452
111,139,0,0.0,0.0,0.0,0.0,0.0,0.10654027760028839
112,140,0,0.0,0.09712032228708267,0.17427082359790802,0.23723562061786652,0.24886487424373627,0.20953282713890076
113,141,0,0.0,0.0,0.11082276701927185,0.0,0.0,0.0
114,143,0,0.0,0.0,0.042526908218860626,0.05815107375383377,0.07824239879846573,0.23193517327308655
115,144,0,0.09706423431634903,0.05165158212184906,0.04394082725048065,0.11975713819265366,0.0,0.0
116,145,0,0.053199589252471924,0.06266158074140549,0.09802152961492538,0.1290331482887268,0.2630794644355774,0.18135559558868408
117,147,0,0.07503537088632584,0.07257437705993652,0.06362008303403854,0.20337431132793427,0.4015663266181946,0.6764495372772217
118,149,0,0.0,0.020029548555612564,0.01716863550245762,0.01380881480872631,0.025375673547387123,0.11145643144845963
119,150,0,0.25397035479545593,0.277108758687973,0.32389381527900696,0.32731595635414124,0.1820291429758072,0.16141533851623535
120,151,0,0.019014887511730194,0.021572710946202278,0.08215463161468506,0.4660012125968933,0.5447553396224976,0.20581863820552826
121,153,0,0.6416348218917847,0.4646071791648865,0.2718145251274109,0.17008532583713531,0.14151978492736816,0.422662615776062
122,155,0,0.04963028058409691,0.0724543109536171,0.09194610267877579,0.02546398714184761,0.36197036504745483,0.3817877471446991
123,156,0,0.03414576128125191,0.04128757491707802,0.06957582384347916,0.07895192503929138,0.05327543616294861,0.034607432782649994
124,157,0,0.15103571116924286,0.18057486414909363,0.2028673142194748,0.19736681878566742,0.11419440805912018,0.3540722727775574
125,158,0,0.0,0.060744378715753555,0.07619711756706238,0.07202591001987457,0.0360819511115551,0.12495386600494385
126,159,0,0.41628342866897583,0.3542346656322479,0.325122594833374,0.20717807114124298,0.04394704848527908,0.6375306844711304
127,160,0,0.15958119928836823,0.10033287107944489,0.06593713164329529,0.09145995229482651,0.04180387035012245,0.02915302850306034
128,161,0,0.0,0.0,0.0,0.15290361642837524,0.18714343011379242,0.04618596285581589
129,162,0,0.21950875222682953,0.2383020520210266,0.2649884819984436,0.3647218942642212,0.8604165315628052,0.22122862935066223
130,163,0,0.344822496175766,0.29017114639282227,0.23857629299163818,0.15944607555866241,0.14390891790390015,0.07595451176166534
131,164,0,0.05911839380860329,0.05594471096992493,0.07122338563203812,0.05942524969577789,0.16432593762874603,0.10873541980981827
132,165,0,0.1589149832725525,0.22997790575027466,0.20803843438625336,0.22390910983085632,0.056755609810352325,0.05909210070967674
133,166,0,0.0401897057890892,0.04432806000113487,0.0379980094730854,0.07107320427894592,0.1003938764333725,0.19415409862995148
134,167,0,0.06942494958639145,0.06805168837308884,0.041475310921669006,0.03928541764616966,0.04054947942495346,0.028076311573386192
135,168,0,0.0,0.17960478365421295,0.22981062531471252,0.1489022821187973,0.4042549431324005,0.28403812646865845
136,170,0,0.24553890526294708,0.24835428595542908,0.22986379265785217,0.2184271216392517,0.333041250705719,0.22147515416145325
137,171,0,0.19118806719779968,0.17332829535007477,0.14910507202148438,0.17795369029045105,0.33459243178367615,0.1317729949951172
138,172,0,0.0,0.0,0.030484100803732872,0.08586396276950836,0.16184279322624207,0.16384397447109222
139,173,0,0.09159988164901733,0.08248096704483032,0.1174568459391594,0.18589092791080475,0.2118321657180786,0.22306081652641296
140,174,0,0.1942387968301773,0.0844578817486763,0.043704304844141006,0.056721869856119156,0.08269203454256058,0.12585943937301636
141,175,0,0.07379212230443954,0.04381066933274269,0.045384977012872696,0.06315506994724274,0.09303092211484909,0.07670751959085464
142,176,0,0.06063234433531761,0.05148682743310928,0.04953382536768913,0.0847240462899208,0.0892518162727356,0.04929971694946289
143,177,0,0.04020598530769348,0.04880456626415253,0.05538208410143852,0.10805878788232803,0.3385486602783203,0.040972426533699036
144,178,0,0.0,0.0,0.01761334389448166,0.03771236911416054,0.06335389614105225,0.0
145,179,0,0.08107274025678635,0.09369498491287231,0.09310925751924515,0.11824161559343338,0.11381707340478897,0.1895400583744049
146,180,0,0.0,0.0,0.0,0.0,0.0,0.7266572117805481
147,181,0,0.13118675351142883,0.20187412202358246,0.21426628530025482,0.12920986115932465,0.14122551679611206,0.05777622014284134
148,182,0,0.7219020128250122,0.49187976121902466,0.32162413001060486,0.34057796001434326,0.25933757424354553,0.2571864724159241
149,183,0,0.02140822447836399,0.022636622190475464,0.029365526512265205,0.06452245265245438,0.03925861418247223,0.07545536756515503
150,184,0,0.10568556189537048,0.1622965782880783,0.1232677772641182,0.03180854022502899,0.09383590519428253,0.2225862443447113
151,185,0,0.18065288662910461,0.14811955392360687,0.12658195197582245,0.12403564155101776,0.133705735206604,0.2808167636394501
152,186,0,0.11928938329219818,0.14074088633060455,0.15767361223697662,0.12961526215076447,0.12645675241947174,0.12367744743824005
153,188,0,0.0,0.0,0.07747441530227661,0.06966207921504974,0.08019828796386719,0.09527885168790817
154,189,0,0.0,0.029705580323934555,0.03849679231643677,0.05793450027704239,0.19272220134735107,0.4922879934310913
155,190,0,0.07757892459630966,0.10945852845907211,0.09825120866298676,0.0934266746044159,0.08001488447189331,0.052171602845191956
156,191,0,0.10012444853782654,0.1030552089214325,0.12933866679668427,0.20668137073516846,0.32723748683929443,0.29941821098327637
157,192,0,0.07762554287910461,0.04587739706039429,0.04323243349790573,0.049381814897060394,0.07537807524204254,0.1537729799747467
158,193,0,0.4388199746608734,0.47073063254356384,0.42079678177833557,0.18494243919849396,0.10870210826396942,0.0390092208981514
159,194,0,0.0,0.0,0.0,0.0,0.0,0.7250925898551941
160,195,0,0.22490665316581726,0.21340936422348022,0.16778869926929474,0.2051362842321396,0.06777141243219376,0.06934886425733566
161,196,0,0.15993352234363556,0.2372763752937317,0.4361168444156647,0.42630577087402344,0.43303972482681274,0.41061609983444214
162,197,0,0.062046319246292114,0.07423616945743561,0.11482662707567215,0.1307331919670105,0.17491279542446136,0.19172364473342896
163,199,0,0.0848952904343605,0.048764824867248535,0.046372707933187485,0.10006596893072128,0.46380412578582764,0.16463924944400787
164,200,0,0.04476695507764816,0.061684396117925644,0.06536658853292465,0.05811895430088043,0.052865952253341675,0.029105672612786293
165,202,0,0.040417686104774475,0.11557117849588394,0.08810538798570633,0.1899288445711136,0.116278275847435,0.08434002101421356
166,203,0,0.1717153787612915,0.25053220987319946,0.34645983576774597,0.3829652965068817,0.4110323190689087,0.23193638026714325
167,204,0,0.13522492349147797,0.34300845861434937,0.49274152517318726,0.5219355225563049,0.1406227946281433,0.487166166305542
168,205,0,0.3549211919307709,0.3398629426956177,0.4352457523345947,0.5122845768928528,0.6186314821243286,0.6600969433784485
169,206,0,0.14318892359733582,0.194753497838974,0.25557515025138855,0.34836429357528687,0.5751425623893738,0.31301501393318176
170,207,0,0.06427611410617828,0.0630233883857727,0.09391248971223831,0.14169055223464966,0.07516371458768845,0.04224085435271263
171,208,0,0.15881171822547913,0.17804935574531555,0.21762239933013916,0.14972399175167084,0.06504785269498825,0.06542718410491943
172,209,0,0.06834942102432251,0.12465903908014297,0.16922757029533386,0.18901443481445312,0.23007607460021973,0.2902194559574127
173,211,0,0.04366170987486839,0.06694936752319336,0.13180187344551086,0.17768245935440063,0.258642315864563,0.21467524766921997
174,212,0,0.08088880032300949,0.0858779177069664,0.10242880135774612,0.12794546782970428,0.20455634593963623,0.16197629272937775
175,213,0,0.0,0.0,0.0,0.0,0.0,0.0
176,216,0,0.19760119915008545,0.1574927270412445,0.2381819188594818,0.27156129479408264,0.22627155482769012,0.12132778763771057
177,217,0,0.07733309268951416,0.0652681216597557,0.08061368763446808,0.17040427029132843,0.4062422811985016,0.4702370762825012
178,218,0,0.10813232511281967,0.09389109164476395,0.058426886796951294,0.04684840142726898,0.06210760027170181,0.1413564383983612
179,219,0,0.04162859916687012,0.05709236115217209,0.09433057904243469,0.3002665042877197,0.6307474970817566,0.14431053400039673
180,220,0,0.013484998606145382,0.015139074064791203,0.019281040877103806,0.04894397407770157,0.10782589763402939,0.18130308389663696
181,221,0,0.13397356867790222,0.11344194412231445,0.09988704323768616,0.08812286704778671,0.16183552145957947,0.1749015748500824
182,222,0,0.0,0.0,0.0,0.0,0.0,0.0
183,224,0,0.028277622535824776,0.02217871882021427,0.04527856037020683,0.055807504802942276,0.11048813164234161,0.051331862807273865
184,225,0,0.0,0.0,0.0,0.0,0.2171819657087326,0.21343831717967987
185,226,0,0.0,0.012869640253484249,0.014886592514812946,0.026266513392329216,0.0879662036895752,0.45248985290527344
186,228,0,0.0,0.0,0.0,0.1675790697336197,0.2716948390007019,0.08966777473688126
187,229,0,0.030578335747122765,0.0562598779797554,0.08424501121044159,0.08039658516645432,0.11069648712873459,0.13630183041095734
188,230,0,0.0,0.026181792840361595,0.047825150191783905,0.1079312190413475,0.08434482663869858,0.08022460341453552
189,231,0,0.0,0.0,0.0,0.0,0.0,0.0
190,233,0,0.12586545944213867,0.11542709916830063,0.10420627146959305,0.15937942266464233,0.138785257935524,0.0862756073474884
191,235,0,0.08269107341766357,0.09330335259437561,0.05041487142443657,0.14209012687206268,0.4188961386680603,0.7760139107704163
192,236,0,0.0,0.0,0.0,0.0,0.0,0.0
193,238,0,0.08158935606479645,0.05865750461816788,0.05685193091630936,0.05052356794476509,0.17944258451461792,0.10142271965742111
194,239,0,0.19257572293281555,0.14595188200473785,0.05282920226454735,0.044191163033246994,0.049580831080675125,0.03013751469552517
195,240,0,0.05812013894319534,0.04884962737560272,0.06995812803506851,0.08355047553777695,0.08165597915649414,0.24905529618263245
196,241,0,0.0,0.0,0.0,0.0,0.0,0.0
197,242,0,0.09197568893432617,0.09852614998817444,0.0719967857003212,0.1270122081041336,0.09921427071094513,0.22801890969276428
198,244,0,0.0,0.0694018006324768,0.07569926232099533,0.11196890473365784,0.2058364450931549,0.15871432423591614
199,246,0,0.0,0.24678876996040344,0.28674986958503723,0.31096595525741577,0.27137696743011475,0.07721266895532608
200,247,0,0.03764396905899048,0.03581546992063522,0.033212993294000626,0.028042355552315712,0.0,0.19137729704380035
201,248,0,0.1280672550201416,0.09812933951616287,0.06332153081893921,0.060396116226911545,0.051677633076906204,0.11891534179449081
202,249,0,0.051904886960983276,0.0384795255959034,0.030738838016986847,0.016515694558620453,0.05828828737139702,0.6617571115493774
203,250,0,0.06488347798585892,0.04495738819241524,0.038282133638858795,0.031767502427101135,0.0,0.0
204,252,0,0.0499236099421978,0.053345128893852234,0.05315729230642319,0.06367531418800354,0.035959240049123764,0.0948050245642662
205,253,0,0.0,0.12552478909492493,0.11036232858896255,0.1743210107088089,0.14181916415691376,0.21018098294734955
206,254,0,0.03937973827123642,0.03874511271715164,0.04835439845919609,0.08619564026594162,0.09254686534404755,0.49433937668800354
207,255,0,0.0,0.0,0.0,0.4334988296031952,0.38017863035202026,0.2582050859928131
208,256,0,0.22346271574497223,0.16446132957935333,0.21210157871246338,0.287639856338501,0.5160310864448547,0.17650632560253143
209,257,0,0.12136313319206238,0.1820109337568283,0.3212733864784241,0.29367735981941223,0.08772067725658417,0.07459377497434616
210,258,0,0.7958959341049194,0.7645483613014221,0.5849817991256714,0.4931665360927582,0.6758482456207275,0.27150988578796387
211,259,0,0.09148918837308884,0.03599082678556442,0.0268589798361063,0.03219147026538849,0.08638451993465424,0.08960802108049393
212,260,0,0.07800770550966263,0.08755990862846375,0.08868483453989029,0.13422715663909912,0.08945603668689728,0.1173945888876915
213,261,0,0.2606494426727295,0.20050832629203796,0.18699663877487183,0.15169081091880798,0.15530899167060852,0.2820151448249817
214,262,0,0.0,0.0,0.0,0.0,0.0,0.10888294875621796
215,263,0,0.1439741998910904,0.22630994021892548,0.3875572681427002,0.6183924674987793,0.7692330479621887,0.15006566047668457
216,264,0,0.15810827910900116,0.13858024775981903,0.0946446880698204,0.0478631854057312,0.1448533833026886,0.08326324075460434
217,265,0,0.3229806423187256,0.20446740090847015,0.09311436861753464,0.11406194418668747,0.30980679392814636,0.15609341859817505
218,266,0,0.08144231885671616,0.09203684329986572,0.0521918423473835,0.06009833142161369,0.08916611224412918,0.3676742911338806
219,267,0,0.04572563245892525,0.09239091724157333,0.19723859429359436,0.36670127511024475,0.05748287960886955,0.07099317759275436
220,271,0,0.028868557885289192,0.032655347138643265,0.043355073779821396,0.06389311701059341,0.11440153419971466,0.1992037147283554
221,273,0,0.0,0.02201993018388748,0.026758188381791115,0.05845613032579422,0.05423083156347275,0.3286358416080475
222,275,0,0.06540226936340332,0.07259871810674667,0.06502334773540497,0.025492047891020775,0.07735179364681244,0.08550579845905304
223,276,0,0.03508411720395088,0.03509245440363884,0.03757898882031441,0.02385563589632511,0.022545555606484413,0.025902584195137024
224,277,0,0.07929707318544388,0.07141329348087311,0.08091840893030167,0.11434512585401535,0.15368716418743134,0.13054271042346954
225,278,0,0.1513402760028839,0.15286816656589508,0.16185860335826874,0.1220598891377449,0.07390375435352325,0.055107057094573975
226,279,0,0.15161846578121185,0.1409091353416443,0.20519359409809113,0.19230927526950836,0.3423253893852234,0.19826819002628326
227,280,0,0.03544234856963158,0.027342012152075768,0.02571391500532627,0.03614431619644165,0.06360382586717606,0.11833864450454712
228,281,0,0.14351586997509003,0.03487488627433777,0.024041278287768364,0.05647670477628708,0.0746556743979454,0.022893380373716354
229,282,0,0.0,0.0,0.0,0.04301264137029648,0.15710803866386414,0.18477825820446014
230,284,0,0.04555593803524971,0.06074965000152588,0.07315050810575485,0.0385080985724926,0.0865563154220581,0.2825506925582886
231,285,0,0.18274854123592377,0.2753131091594696,0.3747776746749878,0.5036184787750244,0.6687802076339722,0.23165947198867798
232,286,0,0.18046976625919342,0.20866158604621887,0.1860314905643463,0.09710469096899033,0.09164325147867203,0.11822548508644104
233,287,0,0.27351582050323486,0.32726338505744934,0.287623792886734,0.2224387377500534,0.16331252455711365,0.14249587059020996
234,288,0,0.06699928641319275,0.06207156181335449,0.09500100463628769,0.1175936609506607,0.07321227341890335,0.15548266470432281
235,289,0,0.18243038654327393,0.16658474504947662,0.14106135070323944,0.0,0.0,0.34739795327186584
236,290,0,0.02822807803750038,0.03173511102795601,0.053661834448575974,0.23081471025943756,0.23450566828250885,0.1262742131948471
237,291,0,0.1340385228395462,0.18667300045490265,0.2177230566740036,0.2536132335662842,0.10455919057130814,0.09747153520584106
238,292,0,0.0,0.011117114685475826,0.014317513443529606,0.021532855927944183,0.0,0.07886284589767456
239,293,0,0.027842942625284195,0.03099244274199009,0.04960465803742409,0.09815619885921478,0.053829167038202286,0.08030740916728973
240,295,0,0.03384843096137047,0.030467607080936432,0.04719270393252373,0.06813075393438339,0.32279759645462036,0.03659510612487793
241,296,0,0.0,0.0,0.0,0.0,0.2264150083065033,0.17547708749771118
242,297,0,0.1877310425043106,0.20743967592716217,0.3709796965122223,0.26891979575157166,0.14130669832229614,0.23675793409347534
243,298,0,0.09423348307609558,0.061275139451026917,0.08649695664644241,0.057429809123277664,0.056369755417108536,0.2401483952999115
244,299,0,0.09202855080366135,0.05322784557938576,0.03071214072406292,0.02076953835785389,0.03273677080869675,0.10715238749980927
245,300,0,0.03436417877674103,0.06936872750520706,0.05872955173254013,0.0719350278377533,0.2629503905773163,0.15399107336997986
246,302,0,0.03285128250718117,0.033574577420949936,0.04415586590766907,0.050816603004932404,0.037975143641233444,0.12394280731678009
247,303,0,0.09088471531867981,0.19960489869117737,0.30022212862968445,0.10544779151678085,0.049174048006534576,0.06647657603025436
248,304,0,0.0405174121260643,0.04358407109975815,0.11815042048692703,0.11576629430055618,0.16647298634052277,0.3448242247104645
249,305,0,0.11116824299097061,0.16389279067516327,0.2081991285085678,0.3083224892616272,0.6637713313102722,0.3153820037841797
250,306,0,0.1952601671218872,0.18164411187171936,0.2524144649505615,0.39116525650024414,0.243507519364357,0.133067324757576
251,307,0,0.21409772336483002,0.1173703595995903,0.08718188107013702,0.058988310396671295,0.05046435818076134,0.47020038962364197
252,308,0,0.06606152653694153,0.04243607074022293,0.05797779560089111,0.06236642226576805,0.07165630161762238,0.1075531393289566
253,309,0,0.18999911844730377,0.15767012536525726,0.13783125579357147,0.0725967064499855,0.10309462994337082,0.06087762862443924
254,310,0,0.05230730026960373,0.03941745311021805,0.03164219111204147,0.06987947970628738,0.10346361249685287,0.1379016637802124
255,312,0,0.14056062698364258,0.12614992260932922,0.09637296199798584,0.08257164806127548,0.0854378491640091,0.11129533499479294
256,313,0,0.0,0.0,0.0,0.0,0.0,0.057970501482486725
257,314,0,0.0,0.0,0.03392735868692398,0.05943482369184494,0.08581041544675827,0.18373538553714752
258,316,0,0.04172220453619957,0.03632049262523651,0.030609695240855217,0.0605371817946434,0.12209230661392212,0.25692346692085266
259,317,0,0.0,0.0,0.0,0.0,0.08273329585790634,0.0
260,319,0,0.044836223125457764,0.04556768760085106,0.0448010228574276,0.053505878895521164,0.19800080358982086,0.20653633773326874
261,320,0,0.13442102074623108,0.13211996853351593,0.10501941293478012,0.07157140225172043,0.05851680785417557,0.16638493537902832
262,321,0,0.2671698331832886,0.2963275611400604,0.26227492094039917,0.3293288052082062,0.34768736362457275,0.3545583486557007
263,322,0,0.6435502171516418,0.5048902630805969,0.3142390251159668,0.14146682620048523,0.04389220103621483,0.37020713090896606
264,323,0,0.0,0.0,0.0,0.0,0.0,0.0
265,324,0,0.1445033699274063,0.12567433714866638,0.1092158704996109,0.05990130826830864,0.1499321460723877,0.2636905014514923
266,325,0,0.1884538233280182,0.18385528028011322,0.16452552378177643,0.14944931864738464,0.2758040130138397,0.0951470285654068
267,327,0,0.05071339011192322,0.07894051820039749,0.10812386125326157,0.11160760372877121,0.13281598687171936,0.1127416118979454
268,328,0,0.05217710882425308,0.047001346945762634,0.04192429035902023,0.04103677719831467,0.05544164404273033,0.0
269,329,0,0.134343221783638,0.12798677384853363,0.08379562944173813,0.06009381264448166,0.12687164545059204,0.16880258917808533
270,330,0,0.0,0.010567164979875088,0.010109241120517254,0.011942719109356403,0.028489384800195694,0.03092561475932598
271,331,0,0.06831119954586029,0.047236040234565735,0.03699367493391037,0.04396318644285202,0.08921488374471664,0.07751675695180893
272,332,0,0.16796548664569855,0.20232754945755005,0.08801504969596863,0.0351526252925396,0.04721149057149887,0.11846297979354858
273,333,0,0.129827082157135,0.13462074100971222,0.0550680048763752,0.03494979441165924,0.07753816992044449,0.1295495182275772
274,334,0,0.0,0.03419049456715584,0.044825319200754166,0.0532163642346859,0.0,0.0
275,335,0,0.12775319814682007,0.2294471561908722,0.24088405072689056,0.25696271657943726,0.28967949748039246,0.09760161489248276
276,336,0,0.7260558009147644,0.6956612467765808,0.23835627734661102,0.12161362171173096,0.14540274441242218,0.25599750876426697
277,337,0,0.052845582365989685,0.04434806853532791,0.043651144951581955,0.03010873682796955,0.03638055548071861,0.06880687922239304
278,338,0,0.0,0.05080621317028999,0.13256587088108063,0.28423646092414856,0.24077655375003815,0.3489532470703125
279,339,0,0.0,0.0,0.0,0.0,0.0,0.15077467262744904
280,340,0,0.21834301948547363,0.21049922704696655,0.1726701557636261,0.11995392292737961,0.11230963468551636,0.12299216538667679
281,341,0,0.21442605555057526,0.24047482013702393,0.316243439912796,0.3423137664794922,0.3662392199039459,0.23091408610343933
282,342,0,0.01954830065369606,0.0193637702614069,0.018794164061546326,0.0386943593621254,0.03419187292456627,0.06227025389671326
283,343,0,0.2182261049747467,0.1704610139131546,0.221703439950943,0.21826814115047455,0.07505623251199722,0.10113827139139175
284,344,0,0.0,0.0,0.03213302791118622,0.03935295343399048,0.0892161875963211,0.15237875282764435
285,345,0,0.0,0.0,0.025663869455456734,0.02928260527551174,0.0,0.1743757277727127
286,346,0,0.10718058049678802,0.17393426597118378,0.332255095243454,0.2902058959007263,0.11818475276231766,0.05634472519159317
287,347,0,0.0,0.011635733768343925,0.017704728990793228,0.016032805666327477,0.02333902008831501,0.04806520789861679
288,348,0,0.0975235104560852,0.07711243629455566,0.18847429752349854,0.3406985104084015,0.27487829327583313,0.16918514668941498
289,349,0,0.08344520628452301,0.08327627927064896,0.0772998109459877,0.0726008340716362,0.11534395813941956,0.15774953365325928
290,350,0,0.33591723442077637,0.5243264436721802,0.6210993528366089,0.43289947509765625,0.1029905155301094,0.132012739777565
291,351,0,0.0,0.0,0.0,0.0,0.0,0.0
292,352,0,0.1173425167798996,0.10435235500335693,0.059700097888708115,0.14267264306545258,0.20498530566692352,0.18668010830879211
293,353,0,0.0,0.12353484332561493,0.08556468039751053,0.056119028478860855,0.05493735894560814,0.09250059723854065
294,354,0,0.0,0.0,0.0,0.0,0.0,0.0
295,355,0,0.09895693510770798,0.12473468482494354,0.12070796638727188,0.15911544859409332,0.06479480117559433,0.04699747636914253
296,356,0,0.15414917469024658,0.07746625691652298,0.05334927886724472,0.09456519782543182,0.1641598641872406,0.17797276377677917
297,357,0,0.2555822730064392,0.17431560158729553,0.1373668909072876,0.1580200493335724,0.23697999119758606,0.09349174797534943
298,358,0,0.10517250746488571,0.07254040241241455,0.07069031894207001,0.13648194074630737,0.22592173516750336,0.3382607102394104
299,359,0,0.11717505007982254,0.10337445884943008,0.07406806945800781,0.15118445456027985,0.13439618051052094,0.23358090221881866
300,360,0,0.19295336306095123,0.29999464750289917,0.3042188882827759,0.19642171263694763,0.16356654465198517,0.10416126996278763
301,361,0,0.22909125685691833,0.25997108221054077,0.29311496019363403,0.2519674599170685,0.2376835197210312,0.32793352007865906
302,363,0,0.0,0.0,0.06658679991960526,0.0,0.0,0.0
303,364,0,0.19927582144737244,0.12417720258235931,0.08991396427154541,0.06212364137172699,0.05777047947049141,0.06210896745324135
304,365,0,0.25421616435050964,0.2895333170890808,0.2216070592403412,0.4680677354335785,0.47136056423187256,0.05808250978589058
305,366,0,0.04655112326145172,0.05988360196352005,0.0427258238196373,0.045609865337610245,0.0855599045753479,0.0694359689950943
306,369,0,0.01119701936841011,0.016103016212582588,0.015204448252916336,0.02047371305525303,0.04845641180872917,0.06293697655200958
307,371,0,0.3417220115661621,0.32955047488212585,0.10737982392311096,0.06576729565858841,0.09362391382455826,0.05206705257296562
308,372,0,0.2973681688308716,0.18515679240226746,0.08277221769094467,0.10600768029689789,0.1023215502500534,0.08550596237182617
309,374,0,0.340289443731308,0.36910462379455566,0.36817046999931335,0.29299548268318176,0.2286168336868286,0.3432830274105072
310,375,0,0.2455686628818512,0.41794073581695557,0.32185906171798706,0.11888805776834488,0.29096728563308716,0.38036397099494934
311,376,0,0.0,0.0,0.0,0.0,0.0,0.2547414004802704
312,377,0,0.05013439431786537,0.03417753800749779,0.025135166943073273,0.03111271746456623,0.05016477406024933,0.10649774223566055
313,378,0,0.038331978023052216,0.038472142070531845,0.05103331804275513,0.0496404729783535,0.05634419620037079,0.08468665182590485
314,379,0,0.20320181548595428,0.18071956932544708,0.18061001598834991,0.26429271697998047,0.28992700576782227,0.0716606006026268
315,380,0,0.25709715485572815,0.27868980169296265,0.31304630637168884,0.4110336899757385,0.4371354281902313,0.10117854923009872
316,381,0,0.17503713071346283,0.17059177160263062,0.2604686915874481,0.43519386649131775,0.4831235110759735,0.3263753056526184
317,382,0,0.0,0.047235503792762756,0.05006320774555206,0.046576082706451416,0.0625494047999382,0.1800708770751953
318,383,0,0.17264679074287415,0.11705045402050018,0.11559027433395386,0.1804441213607788,0.11754492670297623,0.1646227240562439
319,384,0,0.0,0.0,0.09062648564577103,0.25289779901504517,0.46449145674705505,0.34968674182891846
320,385,0,0.08184850215911865,0.1397789567708969,0.13559813797473907,0.05243285372853279,0.06412424147129059,0.16489949822425842
321,387,0,0.0,0.0,0.0,0.0,0.0,0.0
322,388,0,0.21534912288188934,0.23873324692249298,0.2339070588350296,0.22870907187461853,0.1574832797050476,0.24866652488708496
323,390,0,0.05026260390877724,0.08872256428003311,0.11690554767847061,0.06912204623222351,0.06381730735301971,0.22257457673549652
324,392,0,0.0,0.021529678255319595,0.0484742745757103,0.10168778151273727,0.6513553261756897,0.7688002586364746
325,393,0,0.1615172177553177,0.12564976513385773,0.13464680314064026,0.09094390273094177,0.059234004467725754,0.15241682529449463
326,396,0,0.05616079643368721,0.03352896869182587,0.02892579697072506,0.038466885685920715,0.05320920795202255,0.05492851510643959
327,397,0,0.06727464497089386,0.042151566594839096,0.047254208475351334,0.05810770019888878,0.058895647525787354,0.1773235946893692
328,398,0,0.1663590371608734,0.15108445286750793,0.14595168828964233,0.1876821517944336,0.24964170157909393,0.36898738145828247
329,399,0,0.12128078937530518,0.07593225687742233,0.10748792439699173,0.29992231726646423,0.2084273099899292,0.1854945719242096
330,400,0,0.15964330732822418,0.22124426066875458,0.1903170794248581,0.10039044916629791,0.14900238811969757,0.07624077796936035
331,401,0,0.7278209924697876,0.6876686215400696,0.5718520283699036,0.5806294679641724,0.3648051917552948,0.3339601755142212
332,403,0,0.020635046064853668,0.06252805143594742,0.11558930575847626,0.0847877636551857,0.03683050721883774,0.14313940703868866
333,404,0,0.05951575189828873,0.04912853240966797,0.04587290808558464,0.0447298064827919,0.06021759659051895,0.03663194552063942
334,406,0,0.0,0.026610996574163437,0.03966710343956947,0.03436625003814697,0.039347849786281586,0.07415901869535446
335,407,0,0.028931885957717896,0.04390648752450943,0.04989602789282799,0.02610783651471138,0.06338346004486084,0.5144404768943787
336,408,0,0.0,0.04441167414188385,0.04139194265007973,0.06035471335053444,0.08046253770589828,0.09063751995563507
337,409,0,0.0,0.013991914689540863,0.02119872160255909,0.03091844730079174,0.07630456984043121,0.12424515187740326
338,410,0,0.05867389217019081,0.03364438936114311,0.021920012310147285,0.042860135436058044,0.06554289162158966,0.0
339,411,0,0.18521705269813538,0.15450528264045715,0.15208956599235535,0.2753404974937439,0.42175692319869995,0.20848648250102997
340,412,0,0.0,0.05864392966032028,0.06250693649053574,0.10159020870923996,0.09560780227184296,0.14461295306682587
341,413,0,0.12761248648166656,0.12769295275211334,0.15447308123111725,0.1511324793100357,0.4070783257484436,0.7209378480911255
342,414,0,0.3278689682483673,0.29385384917259216,0.3302716910839081,0.2555530369281769,0.1644667237997055,0.02573367953300476
343,415,0,0.0,0.0,0.0,0.0,0.0,0.1273205578327179
344,416,0,0.058695923537015915,0.0739172175526619,0.26606300473213196,0.3462960720062256,0.07791831344366074,0.21976204216480255
345,417,0,0.12199780344963074,0.10255652666091919,0.08940546959638596,0.06502583622932434,0.04666642099618912,0.13541844487190247
346,418,0,0.10408521443605423,0.15789787471294403,0.2810136079788208,0.35245653986930847,0.6679478287696838,0.22528186440467834
347,420,0,0.22824335098266602,0.24112802743911743,0.15589657425880432,0.3109995126724243,0.608198344707489,0.22849774360656738
348,421,0,0.0,0.01910846121609211,0.03414342179894447,0.03746936842799187,0.13423167169094086,0.20713374018669128
349,422,0,0.0385964959859848,0.041349295526742935,0.050319429486989975,0.06939449161291122,0.040563371032476425,0.04575112462043762
350,423,0,0.0,0.0,0.0,0.08777093142271042,0.4648174047470093,0.0849236398935318
351,424,0,0.06346230208873749,0.04842476546764374,0.06018364429473877,0.058379869908094406,0.05187142267823219,0.5215707421302795
352,425,0,0.09594609588384628,0.08154620975255966,0.06102173402905464,0.05598884075880051,0.10739066451787949,0.155013307929039
353,426,0,0.22979596257209778,0.11746281385421753,0.056198254227638245,0.07715687900781631,0.046723876148462296,0.16432425379753113
354,427,0,0.0,0.0,0.0,0.0,0.0,0.0
355,428,0,0.4034424126148224,0.20797806978225708,0.1864832639694214,0.23249408602714539,0.26909682154655457,0.13944102823734283
356,430,0,0.03822262957692146,0.05480712279677391,0.0645386278629303,0.04227188229560852,0.01880503259599209,0.06074168160557747
357,431,0,0.04731408879160881,0.05265757068991661,0.05786655470728874,0.09367861598730087,0.06367082893848419,0.1259555220603943
358,432,0,0.20965620875358582,0.201044499874115,0.1954774260520935,0.1933496594429016,0.0,0.0
359,433,0,0.0,0.04270193725824356,0.05187104269862175,0.055932994931936264,0.046592939645051956,0.0
360,434,0,0.0,0.1027941182255745,0.05060109868645668,0.06275691837072372,0.14408421516418457,0.2259644865989685
361,436,0,0.15979190170764923,0.20538482069969177,0.223404660820961,0.10034395009279251,0.1452280431985855,0.21741946041584015
362,437,0,0.2587504982948303,0.2538118362426758,0.11788904666900635,0.09022927284240723,0.1213194727897644,0.3165161609649658
363,438,0,0.0553327351808548,0.051647014915943146,0.049224063754081726,0.1507600098848343,0.11995043605566025,0.0666903480887413
364,439,0,0.04112832993268967,0.043476652354002,0.04949573799967766,0.03846506401896477,0.05101342871785164,0.05642660707235336
365,440,0,0.06868482381105423,0.044116079807281494,0.026482142508029938,0.039955541491508484,0.0,0.579094409942627
366,441,0,0.060143131762742996,0.13016653060913086,0.23606424033641815,0.20787815749645233,0.1398528665304184,0.1753172129392624
367,442,0,0.14579550921916962,0.09639865905046463,0.06642673164606094,0.06894940137863159,0.09584397822618484,0.13669312000274658
368,443,0,0.15675482153892517,0.11264731734991074,0.10519528388977051,0.12506228685379028,0.148708313703537,0.2190731316804886
369,444,0,0.13259318470954895,0.19278153777122498,0.135966956615448,0.08740296214818954,0.10320129245519638,0.07483255118131638
370,445,0,0.4684911072254181,0.40563318133354187,0.34257227182388306,0.24557329714298248,0.08621098101139069,0.4787447154521942
371,447,0,0.0,0.05575499311089516,0.04335268959403038,0.06340685486793518,0.13755768537521362,0.21923087537288666
372,449,0,0.10865692794322968,0.07185468077659607,0.05859333276748657,0.07178158313035965,0.06528814882040024,0.07163938134908676
373,450,0,0.0,0.0,0.088159941136837,0.13213585317134857,0.179361030459404,0.11640675365924835
374,452,0,0.11127585917711258,0.11266610771417618,0.11830641329288483,0.18569456040859222,0.08324232697486877,0.07273704558610916
375,453,0,0.06598596274852753,0.0413641482591629,0.03801502287387848,0.026810795068740845,0.03637644276022911,0.12587280571460724
376,455,0,0.0,0.0,0.0,0.0,0.0,0.09201578795909882
377,456,0,0.09500732272863388,0.07241206616163254,0.07746008038520813,0.16249164938926697,0.1920047104358673,0.2912849187850952
378,457,0,0.039555903524160385,0.06539745628833771,0.08540530502796173,0.03347961604595184,0.05674110725522041,0.12478935718536377
379,458,0,0.14723971486091614,0.14656437933444977,0.1492690145969391,0.14043718576431274,0.26676297187805176,0.29438111186027527
380,460,0,0.08390625566244125,0.06202853471040726,0.06681732833385468,0.03969217836856842,0.057360921055078506,0.07583271712064743
381,461,0,0.22421199083328247,0.1493648886680603,0.07003242522478104,0.09617104381322861,0.0483025424182415,0.03396217152476311
382,462,0,0.05126701295375824,0.07409278303384781,0.07869734615087509,0.10230609774589539,0.14532339572906494,0.4782405495643616
383,463,0,0.0,0.01995575800538063,0.02644246630370617,0.03550662100315094,0.0,0.1695563793182373
384,464,0,0.04633403941988945,0.06123436242341995,0.06926697492599487,0.06472685933113098,0.041316986083984375,0.036772750318050385
385,465,0,0.302372008562088,0.31713998317718506,0.2710322141647339,0.4402614235877991,0.7735353708267212,0.7613917589187622
386,466,0,0.0,0.0,0.0,0.0,0.0,0.0
387,467,0,0.0,0.11524063348770142,0.1698191612958908,0.10935861617326736,0.1139809787273407,0.15553274750709534
388,468,0,0.08386082947254181,0.12081831693649292,0.08282114565372467,0.05188276618719101,0.047768738120794296,0.17362596094608307
389,469,0,0.07419037818908691,0.1145046278834343,0.11245835572481155,0.13939791917800903,0.48619014024734497,0.12901827692985535
390,470,0,0.0,0.0,0.0,0.0,0.0,0.0
391,472,0,0.0,0.0,0.0,0.0,0.0,0.0
392,473,0,0.1448245793581009,0.045016929507255554,0.04246708005666733,0.060526054352521896,0.13993142545223236,0.4431554675102234
393,474,0,0.07308591157197952,0.11197227239608765,0.12838533520698547,0.16754886507987976,0.21367742121219635,0.19941332936286926
394,476,0,0.16895624995231628,0.054689083248376846,0.037730153650045395,0.03499940410256386,0.06017721816897392,0.287815660238266
395,477,0,0.03281005471944809,0.04512224346399307,0.057769834995269775,0.05062571540474892,0.03830712288618088,0.11898279935121536
396,478,0,0.21037878096103668,0.15702414512634277,0.13617320358753204,0.2108810395002365,0.24469272792339325,0.30441075563430786
397,479,0,0.07543417811393738,0.11494099348783493,0.1541903018951416,0.14955294132232666,0.11814228445291519,0.13765397667884827
398,480,0,0.08618606626987457,0.10203564912080765,0.14295698702335358,0.21510553359985352,0.28555646538734436,0.3263903260231018
399,481,0,0.0,0.05280175060033798,0.03486610949039459,0.0403236523270607,0.11204944550991058,0.42464813590049744
400,482,0,0.1369037628173828,0.08456527441740036,0.09065717458724976,0.11118163168430328,0.28547152876853943,0.44892412424087524
401,483,0,0.16222931444644928,0.09220578521490097,0.05620889738202095,0.10037895292043686,0.05852535739541054,0.1366339921951294
402,484,0,0.288953572511673,0.4380638003349304,0.383293092250824,0.3326527178287506,0.27816230058670044,0.30545055866241455
403,485,0,0.051111478358507156,0.06112976744771004,0.045519743114709854,0.10776889324188232,0.07339748740196228,0.08003782480955124
404,487,0,0.08791711181402206,0.09816332906484604,0.10641001909971237,0.11006542295217514,0.08404867351055145,0.10073812305927277
405,488,0,0.0953356921672821,0.12036748230457306,0.1485275775194168,0.08224689960479736,0.10039042681455612,0.2027331441640854
406,489,0,0.03437387943267822,0.04631117731332779,0.06825169175863266,0.1245553269982338,0.11522451043128967,0.0773734450340271
407,490,0,0.02674909494817257,0.02622453309595585,0.03282029926776886,0.06278375536203384,0.1456182301044464,0.04292263835668564
408,492,0,0.2863166928291321,0.2869231700897217,0.22600549459457397,0.18510109186172485,0.07159555703401566,0.054727669805288315
409,493,0,0.0927119106054306,0.22139886021614075,0.20706939697265625,0.5042900443077087,0.4522475600242615,0.3034205138683319
410,494,0,0.0707564577460289,0.13638290762901306,0.18211552500724792,0.12874920666217804,0.33839526772499084,0.508822500705719
411,495,0,0.14726212620735168,0.11771075427532196,0.06944740563631058,0.08216103166341782,0.18864059448242188,0.4978563189506531
412,496,0,0.05714563652873039,0.03734361007809639,0.06122434511780739,0.08404937386512756,0.13014128804206848,0.14373429119586945
413,498,0,0.17376981675624847,0.13338424265384674,0.0928337499499321,0.06680340319871902,0.1431170254945755,0.1441320925951004
414,499,0,0.23754893243312836,0.19867359101772308,0.12751096487045288,0.09155416488647461,0.08149046450853348,0.052532047033309937
415,501,0,0.05727001652121544,0.06451774388551712,0.053489964455366135,0.0,0.07739821821451187,0.5996049642562866
416,502,0,0.06909170746803284,0.062372222542762756,0.0398690365254879,0.05299103632569313,0.06700115650892258,0.05976691469550133
417,503,0,0.04072226583957672,0.0907401293516159,0.1958630234003067,0.34499549865722656,0.3441406488418579,0.21069827675819397
418,504,0,0.07960647344589233,0.09531481564044952,0.1129038855433464,0.23628824949264526,0.1509808450937271,0.14851334691047668
419,507,0,0.05329296737909317,0.05469289422035217,0.025498779490590096,0.017415080219507217,0.033424824476242065,0.11796940118074417
420,509,0,0.08606645464897156,0.12139946967363358,0.11737377941608429,0.12141072750091553,0.06537323445081711,0.09273537248373032
421,510,0,0.038543108850717545,0.04762745648622513,0.04443565756082535,0.0413864403963089,0.0778522863984108,0.07888650894165039
422,511,0,0.30029910802841187,0.2090398073196411,0.16365233063697815,0.12825332581996918,0.09459821879863739,0.1839354932308197
423,512,0,0.03168221563100815,0.045643843710422516,0.058121368288993835,0.0921563133597374,0.2537587583065033,0.111249640583992
424,513,0,0.11677578091621399,0.12095663696527481,0.07241472601890564,0.04162490367889404,0.06391626596450806,0.03088146634399891
425,514,0,0.10510586202144623,0.07766525447368622,0.10758960247039795,0.15737731754779816,0.09638304263353348,0.19766934216022491
426,515,0,0.11153916269540787,0.07488783448934555,0.10769422352313995,0.07274937629699707,0.10922645032405853,0.22115419805049896
427,516,0,0.10721125453710556,0.04786622151732445,0.054015133529901505,0.08666250854730606,0.06698425114154816,0.046106934547424316
428,517,0,0.0,0.05747046694159508,0.04070976376533508,0.03501014783978462,0.0,0.19698402285575867
429,518,0,0.02775682508945465,0.02786979079246521,0.04635060578584671,0.1507146954536438,0.34285348653793335,0.5284131169319153
430,519,0,0.15292352437973022,0.06393050402402878,0.05774720013141632,0.18639740347862244,0.29518288373947144,0.05999242141842842
431,520,0,0.1077379509806633,0.10261595249176025,0.07678651809692383,0.2351001650094986,0.3039494752883911,0.37238189578056335
432,521,0,0.0,0.0,0.0,0.0,0.0,0.0
433,522,0,0.08723535388708115,0.063264399766922,0.0586971715092659,0.07506934553384781,0.15089769661426544,0.17427997291088104
434,523,0,0.04366936907172203,0.054748933762311935,0.08818207681179047,0.11150067299604416,0.026684937998652458,0.11979030072689056
435,525,0,0.21298494935035706,0.2967732846736908,0.3398921489715576,0.3516092598438263,0.47236526012420654,0.17065660655498505
436,526,0,0.12834864854812622,0.09267529845237732,0.0743054673075676,0.04288129508495331,0.11577221006155014,0.08582814782857895
437,527,0,0.3143806755542755,0.46797436475753784,0.42660075426101685,0.42774608731269836,0.4409183859825134,0.5065264701843262
438,528,0,0.14800536632537842,0.1468634307384491,0.1471417099237442,0.12133080512285233,0.10791138559579849,0.12803363800048828
439,529,0,0.026849225163459778,0.0336930938065052,0.04922792688012123,0.05476495251059532,0.04791102185845375,0.12438855320215225
440,530,0,0.0,0.0,0.022570256143808365,0.0,0.0,0.11323026567697525
441,531,0,0.0,0.0,0.04188796132802963,0.1393986940383911,0.11227386444807053,0.0686478316783905
442,534,0,0.10394128412008286,0.13192220032215118,0.2910919189453125,0.13432590663433075,0.13289950788021088,0.19078192114830017
443,535,0,0.061998073011636734,0.09219945967197418,0.11131814867258072,0.07844526320695877,0.1266372948884964,0.055965911597013474
444,536,0,0.0,0.17321819067001343,0.23635046184062958,0.16512104868888855,0.09806384146213531,0.06910049170255661
445,537,0,0.24136808514595032,0.242446631193161,0.20355737209320068,0.15731364488601685,0.13200291991233826,0.34200480580329895
446,539,0,0.02665093168616295,0.03147314116358757,0.05004459619522095,0.066474050283432,0.04068633168935776,0.03150402009487152
447,540,0,0.0729072317481041,0.07399490475654602,0.059896115213632584,0.08570382744073868,0.03942419961094856,0.13127152621746063
448,541,0,0.04768580198287964,0.044538069516420364,0.03586306422948837,0.0,0.0,0.11065645515918732
449,542,0,0.0,0.0,0.0,0.0,0.0,0.2740921080112457
450,543,0,0.0,0.15110738575458527,0.18705806136131287,0.23073822259902954,0.23060402274131775,0.13575613498687744
451,544,0,0.16723938286304474,0.4527122676372528,0.5102113485336304,0.4454926550388336,0.37127184867858887,0.07993669807910919
452,545,0,0.09835950285196304,0.06831385940313339,0.06353950500488281,0.10947748273611069,0.3155446946620941,0.21178315579891205
453,546,0,0.0,0.11169333010911942,0.13293176889419556,0.14543651044368744,0.0,0.23461876809597015
454,547,0,0.08769683539867401,0.05854453891515732,0.036986712366342545,0.012777918949723244,0.0359584242105484,0.05402218922972679
455,548,0,0.0,0.0,0.06810233741998672,0.14429330825805664,0.0,0.14526624977588654
456,549,0,0.04137277603149414,0.03260002285242081,0.04125732183456421,0.08750969916582108,0.11431460827589035,0.043418679386377335
457,550,0,0.0957377478480339,0.11393164098262787,0.14943745732307434,0.29944950342178345,0.39588478207588196,0.06595690548419952
458,551,0,0.055061470717191696,0.08129608631134033,0.10605315119028091,0.08665909618139267,0.1612911820411682,0.12268216907978058
459,552,0,0.23160865902900696,0.3065492808818817,0.25944265723228455,0.14240474998950958,0.044527798891067505,0.26943087577819824
460,553,0,0.0,0.0,0.14238430559635162,0.22112782299518585,0.33373111486434937,0.2547990083694458
461,554,0,0.04220322519540787,0.17778809368610382,0.17403925955295563,0.14180199801921844,0.0963682308793068,0.10181058198213577
462,555,0,0.06224586442112923,0.08220347762107849,0.06539276242256165,0.040670063346624374,0.048414196819067,0.06436708569526672
463,556,0,0.2781066298484802,0.2229367047548294,0.3918319046497345,0.4029470384120941,0.35634300112724304,0.3375442922115326
464,558,0,0.09942127764225006,0.09277037531137466,0.068173348903656,0.052929747849702835,0.07083152234554291,0.10935621708631516
465,559,0,0.0659627616405487,0.05556929484009743,0.07833080738782883,0.2520797848701477,0.10308175534009933,0.09841275215148926
466,560,0,0.0,0.0,0.0,0.0,0.0,0.0
467,561,0,0.1320132166147232,0.09486426413059235,0.10899952799081802,0.31148016452789307,0.42267560958862305,0.14541786909103394
468,562,0,0.0,0.0,0.08904828876256943,0.07776358723640442,0.07970600575208664,0.20221032202243805
469,563,0,0.04451052471995354,0.0553724430501461,0.1358674168586731,0.1437903344631195,0.06042519211769104,0.2098541259765625
470,564,0,0.0,0.0,0.08657576888799667,0.11693950742483139,0.15669196844100952,0.09945915639400482
471,565,0,0.10553472489118576,0.10769299417734146,0.09948179870843887,0.0973026305437088,0.12220167368650436,0.2096710056066513
472,566,0,0.12528829276561737,0.09973836690187454,0.19385266304016113,0.13114912807941437,0.05307354778051376,0.0395880788564682
473,568,0,0.020882949233055115,0.03746229410171509,0.0564420148730278,0.05123929679393768,0.0,0.02821757085621357
474,570,0,0.05841585993766785,0.0461055189371109,0.04524180665612221,0.03678484633564949,0.02995475009083748,0.04974177107214928
475,571,0,0.06983648240566254,0.18851858377456665,0.3574366569519043,0.34012335538864136,0.6346868872642517,0.2396327704191208
476,572,0,0.05944950133562088,0.06913525611162186,0.06285937875509262,0.038153473287820816,0.0692717581987381,0.16442902386188507
477,573,0,0.0,0.0,0.0,0.0,0.0,0.07712765783071518
478,574,0,0.41167962551116943,0.7086519598960876,0.8563286066055298,0.5983200073242188,0.15919028222560883,0.174045130610466
479,575,0,0.1841476410627365,0.14787106215953827,0.18449023365974426,0.1785345822572708,0.17427003383636475,0.08489516377449036
480,576,0,0.04029296711087227,0.055122412741184235,0.12543919682502747,0.08463398367166519,0.10576684772968292,0.2504187822341919
481,577,0,0.05432073771953583,0.04273192584514618,0.05938103795051575,0.08662616461515427,0.10739601403474808,0.4798598289489746
482,578,0,0.07668258249759674,0.03691289946436882,0.05039435997605324,0.1380055546760559,0.13252714276313782,0.04710588604211807
483,579,0,0.2877788245677948,0.33952292799949646,0.496437132358551,0.6092080473899841,0.5043409466743469,0.03780039772391319
484,580,0,0.0,0.0,0.18004058301448822,0.19657640159130096,0.2297494113445282,0.04545813798904419
485,581,0,0.30973148345947266,0.28323179483413696,0.1419665813446045,0.1616600751876831,0.06581275165081024,0.0
486,582,0,0.11586324125528336,0.12345701456069946,0.2605334222316742,0.3253099024295807,0.34578531980514526,0.23405201733112335
487,583,0,0.0649852529168129,0.09434112906455994,0.0,0.0,0.030145974829792976,0.1006043404340744
488,584,0,0.0839584693312645,0.08860135823488235,0.05905787646770477,0.09240724891424179,0.05994413420557976,0.031058475375175476
489,586,0,0.0726873055100441,0.07071542739868164,0.06915900856256485,0.057697974145412445,0.09372442215681076,0.14826130867004395
490,587,0,0.1927025318145752,0.11225707083940506,0.07559224963188171,0.07164081931114197,0.0752224400639534,0.05708083510398865
491,588,0,0.0,0.06141022965312004,0.08548147976398468,0.1308755725622177,0.16672766208648682,0.12135623395442963
492,589,0,0.03802075609564781,0.036620400846004486,0.021188054233789444,0.05152694880962372,0.0707160159945488,0.13941159844398499
493,590,0,0.0,0.0,0.0,0.0,0.2779044806957245,0.04389472305774689
494,591,0,0.019030163064599037,0.021114155650138855,0.04492253437638283,0.03922091796994209,0.021664394065737724,0.12398702651262283
495,592,0,0.07793939113616943,0.08918596804141998,0.12749458849430084,0.15580786764621735,0.31468698382377625,0.1268748939037323
496,593,0,0.16010428965091705,0.139974907040596,0.10037589818239212,0.05108340457081795,0.0861804261803627,0.05469982326030731
497,594,0,0.0,0.053900983184576035,0.04975441098213196,0.08218727260828018,0.2634495794773102,0.08588636666536331
498,595,0,0.2068239450454712,0.1497652232646942,0.1259106993675232,0.11211041361093521,0.13174332678318024,0.22257864475250244
499,596,0,0.6739928126335144,0.7290443778038025,0.7401697635650635,0.6915830969810486,0.3039318919181824,0.18152187764644623
500,597,0,0.0,0.2810514271259308,0.13160324096679688,0.11458653211593628,0.055561602115631104,0.2098364382982254
501,598,0,0.18648497760295868,0.2080664038658142,0.1579311490058899,0.11665273457765579,0.10643983632326126,0.15020476281642914
502,599,0,0.07446418702602386,0.06769738346338272,0.08250752091407776,0.07767467200756073,0.11585906893014908,0.5830312967300415
503,600,0,0.060396451503038406,0.04538026079535484,0.08602732419967651,0.1518903523683548,0.1394260823726654,0.10212264955043793
504,601,0,0.026330487802624702,0.03693367913365364,0.042780566960573196,0.04595828056335449,0.07697443664073944,0.11077772825956345
505,602,0,0.10688028484582901,0.0978536307811737,0.09974353015422821,0.10391904413700104,0.14357246458530426,0.18958094716072083
506,603,0,0.15693935751914978,0.17193518579006195,0.2425738424062729,0.20207016170024872,0.18590492010116577,0.10225193202495575
507,604,0,0.1337377429008484,0.11285138130187988,0.15433087944984436,0.22934171557426453,0.44458964467048645,0.2150324136018753
508,605,0,0.03990877419710159,0.05371493846178055,0.05301133170723915,0.0,0.0,0.06636211276054382
509,606,0,0.078498475253582,0.11116854846477509,0.06846451014280319,0.11646663397550583,0.17995597422122955,0.15591919422149658
510,607,0,0.23236201703548431,0.22409003973007202,0.2926105260848999,0.2279236614704132,0.2567809522151947,0.07382981479167938
511,609,0,0.15749529004096985,0.14380821585655212,0.13053299486637115,0.14492623507976532,0.2499237358570099,0.0
512,612,0,0.0277737807482481,0.042281851172447205,0.06988843530416489,0.1240542083978653,0.2869594693183899,0.047273293137550354
513,614,0,0.11125900596380234,0.12773063778877258,0.12859980762004852,0.1732478141784668,0.30372413992881775,0.0
514,615,0,0.6233806610107422,0.76088947057724,0.6873732209205627,0.5400256514549255,0.1506490707397461,0.21158301830291748
515,617,0,0.2789517641067505,0.23102274537086487,0.2515609860420227,0.28997939825057983,0.1357041299343109,0.25929272174835205
516,618,0,0.07662984728813171,0.04284074902534485,0.030362335965037346,0.026085035875439644,0.025384148582816124,0.10981553047895432
517,619,0,0.04034700244665146,0.03412556275725365,0.032973628491163254,0.06656434386968613,0.2780395448207855,0.126507967710495
518,620,0,0.08280736953020096,0.06138109788298607,0.039895690977573395,0.03385969623923302,0.027391795068979263,0.09397993981838226
519,621,0,0.21577635407447815,0.22064697742462158,0.13190603256225586,0.22286203503608704,0.1394532471895218,0.044578518718481064
520,622,0,0.0,0.06936053186655045,0.04510550573468208,0.05029420182108879,0.0386735163629055,0.03596052899956703
521,623,0,0.05330216512084007,0.05401719734072685,0.06293707340955734,0.050348468124866486,0.034627579152584076,0.0613916777074337
522,624,0,0.0530242882668972,0.05325617641210556,0.07415810227394104,0.07919178158044815,0.06012677773833275,0.14628447592258453
523,625,0,0.05245695263147354,0.04746544733643532,0.09409020841121674,0.38495221734046936,0.5966259241104126,0.7581983804702759
524,626,0,0.1990131437778473,0.16883422434329987,0.12204588204622269,0.07135125994682312,0.054445747286081314,0.11695891618728638
525,628,0,0.033276788890361786,0.04301753267645836,0.05664479359984398,0.040571920573711395,0.020996728911995888,0.041659433394670486
526,629,0,0.058229610323905945,0.058740489184856415,0.04593854770064354,0.0733184739947319,0.05941135808825493,0.08876952528953552
527,630,0,0.041180744767189026,0.053897347301244736,0.03951955586671829,0.026760146021842957,0.0,0.5085170865058899
528,631,0,0.06677413731813431,0.15373587608337402,0.1569955050945282,0.04303834214806557,0.10784144699573517,0.4569482207298279
529,633,0,0.0,0.06653831899166107,0.08271866291761398,0.11637644469738007,0.18885718286037445,0.37427058815956116
530,634,0,0.3545033931732178,0.22899149358272552,0.08361845463514328,0.05188438668847084,0.12887059152126312,0.5228668451309204
531,636,0,0.05304989591240883,0.0930015966296196,0.07700412720441818,0.042596668004989624,0.2536870837211609,0.15560927987098694
532,637,0,0.05853148549795151,0.05417446419596672,0.06015881523489952,0.06853276491165161,0.22078928351402283,0.2638619542121887
533,638,0,0.032493505626916885,0.025809353217482567,0.03944368287920952,0.12540143728256226,0.059657566249370575,0.059897176921367645
534,639,0,0.3559360206127167,0.22352957725524902,0.12035572528839111,0.08253683894872665,0.03877672925591469,0.20293591916561127
535,640,0,0.0,0.0,0.0,0.0,0.04181627184152603,0.04814894124865532
536,641,0,0.10138116031885147,0.11033384501934052,0.13644225895404816,0.17860770225524902,0.09381890296936035,0.3126576542854309
537,642,0,0.13061624765396118,0.04802624508738518,0.03189697116613388,0.061632707715034485,0.07330725342035294,0.18338243663311005
538,644,0,0.06129233166575432,0.04132400453090668,0.03186681866645813,0.047338325530290604,0.15439917147159576,0.17808327078819275
539,645,0,0.028030408546328545,0.02372574619948864,0.04325496405363083,0.08872479200363159,0.13145817816257477,0.04197658598423004
540,646,0,0.31740644574165344,0.13083647191524506,0.06391682475805283,0.06323130428791046,0.14509132504463196,0.2294173538684845
541,647,0,0.14373400807380676,0.1480192095041275,0.1416575163602829,0.15154658257961273,0.28969037532806396,0.3129960894584656
542,649,0,0.0,0.0,0.0,0.0,0.24738247692584991,0.13313324749469757
543,650,0,0.03763038292527199,0.03862274810671806,0.061658818274736404,0.06336002051830292,0.07502319663763046,0.19456173479557037
544,651,0,0.09085182100534439,0.058062512427568436,0.044857919216156006,0.12749603390693665,0.2573000192642212,0.14141246676445007
545,652,0,0.06743306666612625,0.07732278853654861,0.09930890053510666,0.09755773842334747,0.17117488384246826,0.1332998275756836
546,653,0,0.11112075299024582,0.22546978294849396,0.4707934558391571,0.2844577729701996,0.17625248432159424,0.07537251710891724
547,654,0,0.3146693706512451,0.28201764822006226,0.19132587313652039,0.14711779356002808,0.08840365707874298,0.22271999716758728
548,655,0,0.07436367124319077,0.05387675762176514,0.061631765216588974,0.09866339713335037,0.21317808330059052,0.17566178739070892
549,656,0,0.03919122740626335,0.09175746142864227,0.17243067920207977,0.19891832768917084,0.07964985817670822,0.07044152170419693
550,657,0,0.0,0.0,0.07026328146457672,0.05009733512997627,0.10993743687868118,0.14701075851917267
551,658,0,0.0,0.07655030488967896,0.10082581639289856,0.19953644275665283,0.1912068873643875,0.13145092129707336
552,659,0,0.09206223487854004,0.0697474554181099,0.13404910266399384,0.15966515243053436,0.090383380651474,0.049933016300201416
553,660,0,0.040048323571681976,0.0641595721244812,0.11388267576694489,0.12662945687770844,0.0,0.48557353019714355
554,662,0,0.33102959394454956,0.23071101307868958,0.07776013016700745,0.08774092048406601,0.06944728642702103,0.27884286642074585
555,663,0,0.3896982967853546,0.3522148132324219,0.19139021635055542,0.11776239424943924,0.3827899992465973,0.39635205268859863
556,664,0,0.10390257835388184,0.059753913432359695,0.036938752979040146,0.06622381508350372,0.0921970009803772,0.29051387310028076
557,666,0,0.0,0.0,0.0,0.0,0.0,0.0
558,668,0,0.06564827263355255,0.11863767355680466,0.30367186665534973,0.2491777539253235,0.2861489951610565,0.09365810453891754
559,670,0,0.06476259231567383,0.06729355454444885,0.07555203139781952,0.035367291420698166,0.08016712963581085,0.07477723062038422
560,671,0,0.12609639763832092,0.11777363717556,0.08527149260044098,0.10876878350973129,0.14779934287071228,0.0
561,672,0,0.15384897589683533,0.18836160004138947,0.2706170380115509,0.5181224942207336,0.30209821462631226,0.26985684037208557
562,673,0,0.1520552933216095,0.20116950571537018,0.21743251383304596,0.2359856367111206,0.0,0.0
563,674,0,0.13603758811950684,0.16485221683979034,0.18190182745456696,0.22611331939697266,0.2126019299030304,0.4152624011039734
564,675,0,0.10002001374959946,0.05392250791192055,0.05735546723008156,0.11103522032499313,0.10370086133480072,0.04267175868153572
565,677,0,0.014711552299559116,0.01374087668955326,0.04469244182109833,0.1332108974456787,0.037820279598236084,0.08034639805555344
566,678,0,0.05168014019727707,0.07388485223054886,0.1233866885304451,0.3267107605934143,0.2951890230178833,0.22718797624111176
567,679,0,0.0,0.03941749036312103,0.02666042000055313,0.02030702866613865,0.0403105653822422,0.09083773195743561
568,680,0,0.1272059977054596,0.07365912944078445,0.059550557285547256,0.08095023781061172,0.059381790459156036,0.09688542038202286
569,681,0,0.0,0.07336857914924622,0.0629739761352539,0.0757061168551445,0.0,0.0
570,682,0,0.16338150203227997,0.16740581393241882,0.18677206337451935,0.11853285133838654,0.0541970431804657,0.13521720468997955
571,683,0,0.0,0.0,0.0,0.0,0.0,0.0
572,684,0,0.0,0.0,0.0,0.0,0.0,0.0
573,685,0,0.054280661046504974,0.036259159445762634,0.04955197870731354,0.0,0.0,0.0
574,687,0,0.040427517145872116,0.05509674549102783,0.04323216900229454,0.04844299703836441,0.04383506625890732,0.0568174347281456
575,688,0,0.06677904725074768,0.031270477920770645,0.020918522030115128,0.029346806928515434,0.029332395642995834,0.051853589713573456
576,689,0,0.0,0.0,0.0,0.10688768327236176,0.12247570604085922,0.03293904662132263
577,690,0,0.33716797828674316,0.3513878583908081,0.37393417954444885,0.44470667839050293,0.46433669328689575,0.44110625982284546
578,691,0,0.10225497931241989,0.2815697491168976,0.42420530319213867,0.2663145065307617,0.1495562642812729,0.22728048264980316
579,693,0,0.10180376470088959,0.19081568717956543,0.14546848833560944,0.056236930191516876,0.09284278005361557,0.05093854293227196
580,694,0,0.11562249064445496,0.10150837153196335,0.0932680070400238,0.09809963405132294,0.18169854581356049,0.6048035025596619
581,695,0,0.3179131746292114,0.4439666271209717,0.6560087203979492,0.6496562957763672,0.09825321286916733,0.2641623020172119
582,696,0,0.17658302187919617,0.17165818810462952,0.11623270064592361,0.17839115858078003,0.26187899708747864,0.23742908239364624
583,697,0,0.08883358538150787,0.1079937070608139,0.11255989223718643,0.11201050132513046,0.11352654546499252,0.07320854067802429
584,699,0,0.3767370581626892,0.21020960807800293,0.26293277740478516,0.34022581577301025,0.06319325417280197,0.05326288565993309
585,701,0,0.09331778436899185,0.07258490473031998,0.04922996461391449,0.06213577464222908,0.5932359099388123,0.6428155303001404
586,702,0,0.0,0.0,0.0,0.0,0.0,0.19942687451839447
587,703,0,0.036834411323070526,0.035004161298274994,0.06694023311138153,0.16258585453033447,0.21456797420978546,0.3241550922393799
588,704,0,0.09744375944137573,0.09873432666063309,0.0770367980003357,0.09144657850265503,0.21814435720443726,0.8520578145980835
589,705,0,0.059154361486434937,0.055574383586645126,0.06146133691072464,0.10350515693426132,0.12406863272190094,0.4482700824737549
590,706,0,0.0,0.03792927786707878,0.03653981164097786,0.05401677265763283,0.051369503140449524,0.0
591,707,0,0.296562135219574,0.2378184199333191,0.3148817718029022,0.31739673018455505,0.2505419850349426,0.786789059638977
592,708,0,0.07618964463472366,0.08224067091941833,0.13785439729690552,0.09590926021337509,0.14659467339515686,0.22460053861141205
593,710,0,0.061015818268060684,0.04377596452832222,0.039198558777570724,0.10162539780139923,0.15530620515346527,0.35310810804367065
594,711,0,0.2058369219303131,0.15854351222515106,0.152047261595726,0.30506882071495056,0.2402823567390442,0.07735467702150345
595,712,0,0.07529434561729431,0.06511646509170532,0.07297749817371368,0.08984801918268204,0.15379919111728668,0.0
596,713,0,0.047277260571718216,0.039317503571510315,0.039012376219034195,0.07688818871974945,0.1513802707195282,0.12472015619277954
597,714,0,0.06048046052455902,0.05257919058203697,0.06175769492983818,0.05227689445018768,0.06525158137083054,0.14092770218849182
598,715,0,0.6450943350791931,0.666781485080719,0.3932313919067383,0.13225653767585754,0.09370587021112442,0.15251457691192627
599,717,0,0.0,0.13043881952762604,0.13757023215293884,0.17339719831943512,0.2034556269645691,0.0
600,718,0,0.03521156311035156,0.0434735007584095,0.07520553469657898,0.15993241965770721,0.109189972281456,0.2739185690879822
601,719,0,0.08727393299341202,0.09003046154975891,0.07078949362039566,0.05970101058483124,0.04176606237888336,0.026503046974539757
602,720,0,0.1365693211555481,0.13777561485767365,0.17312367260456085,0.23527590930461884,0.24541465938091278,0.034907884895801544
603,721,0,0.026535790413618088,0.03600515425205231,0.05196458101272583,0.04613351821899414,0.04647279903292656,0.05295539274811745
604,722,0,0.0,0.030574612319469452,0.019550584256649017,0.017490798607468605,0.048464156687259674,0.38727879524230957
605,724,0,0.048871904611587524,0.0355725958943367,0.02886846847832203,0.04679678753018379,0.0870099663734436,0.23425374925136566
606,725,0,0.10527041554450989,0.10263144224882126,0.15506808459758759,0.13327975571155548,0.21545058488845825,0.3903365433216095
607,727,0,0.0567646287381649,0.047034382820129395,0.06689896434545517,0.03431257978081703,0.036133356392383575,0.40963372588157654
608,728,0,0.0,0.0,0.0,0.0,0.2143518030643463,0.06394973397254944
609,729,0,0.1741597056388855,0.17120647430419922,0.06760978698730469,0.10078674554824829,0.258244127035141,0.09468240290880203
610,730,0,0.039276473224163055,0.04672107473015785,0.04085622355341911,0.06719613075256348,0.13825470209121704,0.11864379793405533
611,731,0,0.0,0.020398549735546112,0.022564928978681564,0.03425528481602669,0.044160258024930954,0.0
612,732,0,0.0651540607213974,0.09945882856845856,0.17146143317222595,0.10228929668664932,0.049507420510053635,0.06237943843007088
613,733,0,0.06221839040517807,0.037121959030628204,0.02613333985209465,0.020626388490200043,0.04599941149353981,0.2476685494184494
614,734,0,0.04481995850801468,0.05994309112429619,0.05157850682735443,0.055698007345199585,0.2970350980758667,0.15945415198802948
615,735,0,0.1308167576789856,0.07359617948532104,0.07529587298631668,0.12247283011674881,0.4290650486946106,0.3135127127170563
616,736,0,0.07528753578662872,0.08559700101613998,0.06567641347646713,0.06873510032892227,0.032651953399181366,0.23982879519462585
617,737,0,0.0,0.06834600120782852,0.15103699266910553,0.17650218307971954,0.10963539034128189,0.05754746124148369
618,738,0,0.0,0.0,0.0,0.0,0.0,0.0
619,739,0,0.20787370204925537,0.3038460612297058,0.28990593552589417,0.1691211313009262,0.1009477898478508,0.22614629566669464
620,740,0,0.0,0.036134809255599976,0.05838244780898094,0.10756050050258636,0.0,0.324500173330307
621,741,0,0.09756950289011002,0.12159645557403564,0.13523168861865997,0.10370407998561859,0.0,0.2827776372432709
622,742,0,0.5266937017440796,0.5686768293380737,0.4928293526172638,0.21358124911785126,0.27496007084846497,0.0675978809595108
623,743,0,0.0,0.0,0.20346884429454803,0.21455705165863037,0.2922784686088562,0.22813288867473602
624,744,0,0.14474879205226898,0.087253637611866,0.04527111351490021,0.05917328968644142,0.09009044617414474,0.07170780748128891
625,745,0,0.2154863327741623,0.13500778377056122,0.0831179991364479,0.06348051130771637,0.04707849398255348,0.13365505635738373
626,746,0,0.11001261323690414,0.12478194385766983,0.15395085513591766,0.20715005695819855,0.13412252068519592,0.1453986018896103
627,748,0,0.05019323527812958,0.03517259657382965,0.037187591195106506,0.04981902986764908,0.04945331811904907,0.05287351459264755
628,749,0,0.13660408556461334,0.08488171547651291,0.11823335289955139,0.472087025642395,0.8339663147926331,0.9359393119812012
629,753,0,0.0,0.0,0.11201754957437515,0.17311452329158783,0.31186428666114807,0.0
630,754,0,0.24264954030513763,0.1992591917514801,0.11439822614192963,0.059418272227048874,0.16208668053150177,0.256765216588974
631,755,0,0.18106456100940704,0.1616804599761963,0.1601794809103012,0.20442984998226166,0.2422439008951187,0.0
632,756,0,0.02541004680097103,0.020086439326405525,0.02235434576869011,0.02368934266269207,0.050316695123910904,0.10151458531618118
633,757,0,0.03680533915758133,0.034451331943273544,0.039682794362306595,0.040862198919057846,0.05455022677779198,0.10894238203763962
634,758,0,0.1003623902797699,0.12899184226989746,0.2161971777677536,0.4758596420288086,0.6477054357528687,0.7629197835922241
635,759,0,0.0,0.05980125442147255,0.08230412006378174,0.10035666078329086,0.08104599267244339,0.21822117269039154
636,760,0,0.02524937316775322,0.07303062081336975,0.08208099007606506,0.05320792272686958,0.26997900009155273,0.16078001260757446
637,761,0,0.14488598704338074,0.10501915216445923,0.0827789381146431,0.06749216467142105,0.11817922443151474,0.2637045383453369
638,762,0,0.0,0.15703922510147095,0.19629646837711334,0.22604525089263916,0.2764885127544403,0.05462745577096939
639,763,0,0.08003809303045273,0.11776794493198395,0.17821353673934937,0.17906971275806427,0.15477870404720306,0.2170409858226776
640,764,0,0.39115676283836365,0.327732115983963,0.23205044865608215,0.25849416851997375,0.4679398536682129,0.3013816475868225
641,765,0,0.3287947475910187,0.2052028775215149,0.19981923699378967,0.07841666787862778,0.38306331634521484,0.06338632106781006
642,766,0,0.0,0.0,0.1308605670928955,0.0,0.0,0.3117426931858063
643,768,0,0.04707077145576477,0.057681117206811905,0.04464265704154968,0.03337101638317108,0.03151172026991844,0.05529547855257988
644,769,0,0.08944983780384064,0.1452624797821045,0.13050782680511475,0.14537732303142548,0.18857872486114502,0.11110450327396393
645,770,0,0.21170368790626526,0.16969355940818787,0.12856370210647583,0.33606842160224915,0.21539881825447083,0.1263674795627594
646,771,0,0.05182246118783951,0.03895674645900726,0.03493810072541237,0.024063758552074432,0.06332448124885559,0.0395454503595829
647,772,0,0.0,0.0,0.0,0.0,0.0,0.388138085603714
648,773,0,0.0,0.0,0.0,0.0,0.0,0.08980776369571686
649,774,0,0.05848407745361328,0.03887535631656647,0.04076850041747093,0.09499290585517883,0.13847731053829193,0.38865911960601807
650,775,0,0.0574481226503849,0.060658931732177734,0.03915642574429512,0.026465237140655518,0.022564731538295746,0.06833017617464066
651,776,0,0.1204986646771431,0.08465880900621414,0.053639207035303116,0.11064913868904114,0.17403382062911987,0.5843578577041626
652,777,0,0.03908296674489975,0.026728056371212006,0.05123598128557205,0.11249657720327377,0.18968982994556427,0.06201094761490822
653,779,0,0.0,0.0,0.04799839109182358,0.08889089524745941,0.13328547775745392,0.032491087913513184
654,780,0,0.016691751778125763,0.017018567770719528,0.03226570412516594,0.2615877389907837,0.6606197953224182,0.2006494551897049
655,783,0,0.13140937685966492,0.11379491537809372,0.0,0.0,0.04257958009839058,0.15477225184440613
656,784,0,0.0539858341217041,0.03855535760521889,0.08265572041273117,0.12084990739822388,0.09101545810699463,0.11329368501901627
657,787,0,0.021773139014840126,0.024510854855179787,0.030742716044187546,0.03919590264558792,0.04692067578434944,0.08375456184148788
658,790,0,0.0,0.0,0.0,0.0,0.0,0.0
659,792,0,0.1269243061542511,0.0811946764588356,0.050630807876586914,0.064061738550663,0.0,0.0
660,794,0,0.07101268321275711,0.07646387070417404,0.02750096097588539,0.04504653438925743,0.11793813109397888,0.03894965723156929
661,795,0,0.03253135085105896,0.07634729892015457,0.2536713778972626,0.23564082384109497,0.09859631955623627,0.6842333078384399
662,796,0,0.0,0.0,0.0,0.0,0.0,0.11751993745565414
663,797,0,0.0,0.0,0.0,0.0,0.0,0.32165229320526123
664,798,0,0.14898113906383514,0.1677512526512146,0.20723745226860046,0.10646170377731323,0.08131121098995209,0.05626438930630684
665,799,0,0.06372954696416855,0.05649101361632347,0.03884541988372803,0.041016362607479095,0.05360430106520653,0.08525256812572479
666,800,0,0.08465989679098129,0.07826925814151764,0.05768164247274399,0.10919966548681259,0.18509264290332794,0.49248284101486206
667,801,0,0.033028364181518555,0.051678016781806946,0.06133096665143967,0.11116284877061844,0.2233017534017563,0.10667760670185089
668,802,0,0.41481003165245056,0.30512693524360657,0.18288646638393402,0.11163053661584854,0.2062760591506958,0.1669573038816452
669,803,0,0.13201048970222473,0.1306340992450714,0.09316268563270569,0.065761499106884,0.08394019305706024,0.10932671278715134
670,804,0,0.1757887899875641,0.18399634957313538,0.20938369631767273,0.3155105710029602,0.4547146260738373,0.14234498143196106
671,805,0,0.0511067658662796,0.07805275917053223,0.0647241622209549,0.0635305717587471,0.048974283039569855,0.23390135169029236
672,806,0,0.052631620317697525,0.04562714323401451,0.0566006600856781,0.08158065378665924,0.08222410827875137,0.21399728953838348
673,808,0,0.21811474859714508,0.22156624495983124,0.3393210768699646,0.4410577416419983,0.4568139612674713,0.068934366106987
674,809,0,0.04569699987769127,0.05082216486334801,0.05710300803184509,0.0902090072631836,0.1004524901509285,0.10342969000339508
675,810,0,0.0,0.0,0.07741715759038925,0.0,0.0,0.0
676,812,0,0.1559906303882599,0.16930530965328217,0.15838858485221863,0.13673637807369232,0.20081859827041626,0.07069895416498184
677,813,0,0.03469305858016014,0.068609319627285,0.17986303567886353,0.32056474685668945,0.2051018476486206,0.08039499819278717
678,814,0,0.0,0.04393275827169418,0.03280084580183029,0.019801178947091103,0.03984417766332626,0.12353969365358353
679,815,0,0.043171271681785583,0.028115827590227127,0.02266603708267212,0.031807780265808105,0.09666134417057037,0.2638533413410187
680,816,0,0.0752752423286438,0.056559011340141296,0.046007126569747925,0.03357139229774475,0.06977684050798416,0.3800655007362366
681,817,0,0.0,0.08689709007740021,0.06973069906234741,0.09674675017595291,0.1553560048341751,0.09007380902767181
682,818,0,0.02773893252015114,0.02372879907488823,0.021424999460577965,0.03349551558494568,0.05545707792043686,0.06960691511631012
683,819,0,0.0,0.0,0.0,0.0,0.0,0.0
684,821,0,0.040622733533382416,0.05015202984213829,0.061223164200782776,0.08244828134775162,0.058944977819919586,0.03906303271651268
685,822,0,0.031250618398189545,0.051908645778894424,0.06933510303497314,0.12309956550598145,0.07121261209249496,0.04719572886824608
686,823,0,0.09675504267215729,0.1564241200685501,0.21721039712429047,0.19435682892799377,0.17598842084407806,0.06554165482521057
687,824,0,0.0,0.0,0.0,0.0,0.12256161123514175,0.10070662200450897
688,825,0,0.26315373182296753,0.36913031339645386,0.40557369589805603,0.435793399810791,0.1640516221523285,0.34494921565055847
689,826,0,0.33162882924079895,0.370530366897583,0.3809817135334015,0.4884295165538788,0.6141728758811951,0.24799378216266632
690,827,0,0.0,0.0,0.0,0.0,0.0,0.08653037250041962
691,828,0,0.06425079703330994,0.06167439743876457,0.10784480720758438,0.10508369654417038,0.5147127509117126,0.7135645747184753
692,830,0,0.0,0.0,0.0,0.0,0.0,0.09636130183935165
693,831,0,0.18419621884822845,0.12748774886131287,0.11389485746622086,0.42003878951072693,0.8622442483901978,0.07866282016038895
694,832,0,0.06472861766815186,0.1629590541124344,0.33741360902786255,0.3845145106315613,0.29502391815185547,0.031192831695079803
695,833,0,0.0,0.0,0.0,0.09001662582159042,0.24656140804290771,0.3189840614795685
696,834,0,0.2085796743631363,0.1225181519985199,0.12707960605621338,0.08453259617090225,0.11676693707704544,0.28861352801322937
697,835,0,0.07520586997270584,0.08515135943889618,0.08717387169599533,0.09238546341657639,0.13989341259002686,0.1685463935136795
698,836,0,0.6559175252914429,0.48373380303382874,0.28122255206108093,0.14958234131336212,0.3077477812767029,0.44825857877731323
699,837,0,0.06289029121398926,0.07399757206439972,0.09970808029174805,0.09396528452634811,0.0800945907831192,0.13846582174301147
700,838,0,0.058597348630428314,0.07287397980690002,0.05306772515177727,0.03912937641143799,0.030705628916621208,0.13866031169891357
701,839,0,0.0,0.023151377215981483,0.022267896682024002,0.0253191776573658,0.08112926036119461,0.0987873449921608
702,840,0,0.22853611409664154,0.2257455438375473,0.22735750675201416,0.2610490620136261,0.27083370089530945,0.42911794781684875
703,841,0,0.21358682215213776,0.20372505486011505,0.22489015758037567,0.2310708910226822,0.454944372177124,0.25214505195617676
704,842,0,0.12654435634613037,0.10533252358436584,0.10510177165269852,0.08999674022197723,0.17579258978366852,0.04189694672822952
705,843,0,0.0,0.12245984375476837,0.072184257209301,0.0,0.0,0.0
706,844,0,0.060153473168611526,0.02689323015511036,0.03536173328757286,0.1435725837945938,0.03666931390762329,0.0671079158782959
707,845,0,0.04674830660223961,0.07733679562807083,0.06775162369012833,0.054571960121393204,0.08716825395822525,0.04983045160770416
708,847,0,0.23127400875091553,0.26395750045776367,0.18855994939804077,0.05580240860581398,0.07534965127706528,0.02575678378343582
709,848,0,0.06904517859220505,0.09843514114618301,0.08828872442245483,0.12645095586776733,0.2978574335575104,0.09214428067207336
710,849,0,0.09805222600698471,0.08304896950721741,0.08090328425168991,0.0454246923327446,0.12555387616157532,0.245110422372818
711,850,0,0.09037989377975464,0.1643938273191452,0.08469653874635696,0.09073792397975922,0.07876615971326828,0.3018873631954193
712,851,0,0.0,0.05816670134663582,0.0649234727025032,0.07285597920417786,0.12453199923038483,0.06554210931062698
713,852,0,0.0,0.08028693497180939,0.09436371177434921,0.10411351919174194,0.0,0.0
714,853,0,0.10948559641838074,0.05848468467593193,0.04094776138663292,0.0557742640376091,0.059545066207647324,0.04168213903903961
715,854,0,0.07980511337518692,0.064910888671875,0.06345552951097488,0.051845185458660126,0.0,0.0
716,855,0,0.18798479437828064,0.27586859464645386,0.34486904740333557,0.3653075397014618,0.3640376031398773,0.08438381552696228
717,856,0,0.03330615162849426,0.045523565262556076,0.08721501380205154,0.056780651211738586,0.037451017647981644,0.032876402139663696
718,857,0,0.19790418446063995,0.2513248026371002,0.2643416225910187,0.3043617904186249,0.3840562701225281,0.5498337745666504
719,858,0,0.19104765355587006,0.1665322333574295,0.1384803205728531,0.11249390244483948,0.21778319776058197,0.21551001071929932
720,859,0,0.03691959008574486,0.029299791902303696,0.060470130294561386,0.06971840560436249,0.0897124856710434,0.14738255739212036
721,860,0,0.0,0.0,0.0,0.0,0.0,0.29613593220710754
722,861,0,0.0,0.04428216442465782,0.11837644875049591,0.12478817999362946,0.09536145627498627,0.17651988565921783
723,862,0,0.24789124727249146,0.1049947738647461,0.07385767251253128,0.050148338079452515,0.08173049986362457,0.08752427250146866
724,863,0,0.15498070418834686,0.15397168695926666,0.1899327039718628,0.2170161008834839,0.35552650690078735,0.4153454303741455
725,866,0,0.42069172859191895,0.27352550625801086,0.12701648473739624,0.036627575755119324,0.035648543387651443,0.1403726190328598
726,867,0,0.05026290565729141,0.04061012342572212,0.05779251083731651,0.06080169230699539,0.05895436555147171,0.09687299281358719
727,868,0,0.0,0.04384762793779373,0.043183013796806335,0.08458411693572998,0.07922817021608353,0.08006890118122101
728,869,0,0.147455632686615,0.16241896152496338,0.16030943393707275,0.10327897220849991,0.11408102512359619,0.24481381475925446
729,870,0,0.15320153534412384,0.18574732542037964,0.20274554193019867,0.20119057595729828,0.16517719626426697,0.14318573474884033
730,871,0,0.1833888441324234,0.26682940125465393,0.2425427883863449,0.1572408527135849,0.1650823950767517,0.3230883479118347
731,872,0,0.2209247201681137,0.2740064859390259,0.24770399928092957,0.21199963986873627,0.4745798408985138,0.10992411524057388
732,873,0,0.14647282660007477,0.23263254761695862,0.29329201579093933,0.25943052768707275,0.07767808437347412,0.07064687460660934
733,876,0,0.058295778930187225,0.08153165876865387,0.09877530485391617,0.09526778012514114,0.06463360786437988,0.19197948276996613
734,877,0,0.06281250715255737,0.041329313069581985,0.03390618786215782,0.061136387288570404,0.14993512630462646,0.07681607455015182
735,879,0,0.16170789301395416,0.13917294144630432,0.058896712958812714,0.03662071004509926,0.03801380842924118,0.2522711753845215
736,880,0,0.0,0.0,0.0,0.0,0.0,0.0
737,881,0,0.045368295162916183,0.0241986270993948,0.023939520120620728,0.031305667012929916,0.08990982174873352,0.28734517097473145
738,882,0,0.2251625955104828,0.26005521416664124,0.06845873594284058,0.02856784127652645,0.04625343158841133,0.17925181984901428
739,883,0,0.0787736177444458,0.10535389184951782,0.049086794257164,0.12301072478294373,0.2792385220527649,0.20562392473220825
740,884,0,0.07365681976079941,0.05378362163901329,0.03650942072272301,0.04565737396478653,0.07706072181463242,0.143777534365654
741,885,0,0.0,0.0,0.0,0.0,0.46578091382980347,0.2262773960828781
742,886,0,0.14685513079166412,0.1317874938249588,0.0,0.0,0.0,0.13790535926818848
743,887,0,0.03616853803396225,0.026725441217422485,0.019098514690995216,0.02012784220278263,0.048324134200811386,0.15672354400157928
744,888,0,0.06928203999996185,0.07532910257577896,0.09916600584983826,0.09410814940929413,0.04739401116967201,0.055952150374650955
745,889,0,0.0,0.04217210039496422,0.04302248731255531,0.1231612041592598,0.03650490194559097,0.08652441948652267
746,890,0,0.13401076197624207,0.15410135686397552,0.20414100587368011,0.22488297522068024,0.1687667965888977,0.02619294263422489
747,892,0,0.25121960043907166,0.24409154057502747,0.3161200284957886,0.33317995071411133,0.1344475895166397,0.09307320415973663
748,893,0,0.0,0.0,0.0,0.0,0.0,0.1830638349056244
749,894,0,0.11400648206472397,0.13215883076190948,0.07251943647861481,0.1762353777885437,0.3846595883369446,0.2951408922672272
750,895,0,0.06078096851706505,0.03801606222987175,0.047470513731241226,0.056964099407196045,0.05991767719388008,0.18834519386291504
751,896,0,0.20734742283821106,0.3140065371990204,0.4457947909832001,0.49936941266059875,0.5034719705581665,0.37677106261253357
752,897,0,0.0,0.0,0.0,0.0,0.0,0.0
753,899,0,0.12308134138584137,0.08735727518796921,0.06998714059591293,0.12223163992166519,0.15695685148239136,0.07553686946630478
754,900,0,0.2091706097126007,0.22469086945056915,0.21725086867809296,0.18339353799819946,0.05546071007847786,0.2495613694190979
755,901,0,0.1517598032951355,0.1174212396144867,0.07910265773534775,0.0603189654648304,0.05606898292899132,0.07402642071247101
756,902,0,0.09242735803127289,0.11423870921134949,0.15377859771251678,0.2220156192779541,0.0876765325665474,0.09448990970849991
757,903,0,0.08614000678062439,0.10081300139427185,0.08843420445919037,0.04996700957417488,0.08875123411417007,0.1634368747472763
758,905,0,0.07395860552787781,0.08793627470731735,0.06910908967256546,0.10876983404159546,0.14206825196743011,0.07968851178884506
759,906,0,0.06556607037782669,0.0685536116361618,0.058017343282699585,0.09702849388122559,0.1989448070526123,0.029168296605348587
760,907,0,0.0,0.0,0.0,0.17874662578105927,0.08459461480379105,0.05356687679886818
761,908,0,0.500973105430603,0.43309468030929565,0.34624341130256653,0.4909142255783081,0.578630268573761,0.08525600284337997
762,909,0,0.0,0.04560655727982521,0.06357381492853165,0.05579128488898277,0.0,0.06888607144355774
763,910,0,0.035443466156721115,0.025997629389166832,0.029084982350468636,0.05335107073187828,0.11094619333744049,0.16156217455863953
764,911,0,0.25709599256515503,0.17858895659446716,0.14502663910388947,0.4027548134326935,0.37758222222328186,0.06120927631855011
765,912,0,0.11386953294277191,0.1275596022605896,0.10626984387636185,0.06338818371295929,0.053265541791915894,0.43484559655189514
766,913,0,0.13118486106395721,0.14014272391796112,0.19300773739814758,0.09693184494972229,0.07122397422790527,0.28485384583473206
767,914,0,0.05055632069706917,0.06741323322057724,0.16066911816596985,0.27604031562805176,0.0,0.34664833545684814
768,915,0,0.1233268603682518,0.16874021291732788,0.19255295395851135,0.33255186676979065,0.31609079241752625,0.056605882942676544
769,916,0,0.06816662102937698,0.06958206743001938,0.11188899725675583,0.2354668378829956,0.11651583760976791,0.073674775660038
770,917,0,0.0,0.0,0.0,0.0,0.0,0.05051470547914505
771,918,0,0.028818171471357346,0.029741089791059494,0.02798052504658699,0.13514181971549988,0.42068910598754883,0.6193493604660034
772,919,0,0.0,0.06812357902526855,0.08407572656869888,0.0,0.0,0.0
773,920,0,0.06170269101858139,0.0703677088022232,0.07776489853858948,0.12771792709827423,0.3652641475200653,0.2395910769701004
774,921,0,0.043449293822050095,0.06345158070325851,0.07964837551116943,0.03685639053583145,0.021103709936141968,0.1275484561920166
775,922,0,0.20849765837192535,0.15349310636520386,0.13956834375858307,0.1779094785451889,0.2615920305252075,0.12294052541255951
776,924,0,0.20469412207603455,0.06314375251531601,0.025440016761422157,0.017214225605130196,0.028868094086647034,0.11059392988681793
777,925,0,0.095244400203228,0.06883222609758377,0.03325002267956734,0.028633588925004005,0.04107372835278511,0.1538761854171753
778,926,0,0.0,0.041213128715753555,0.03634998947381973,0.15963132679462433,0.2073991596698761,0.15437042713165283
779,927,0,0.0,0.0,0.25240668654441833,0.19476653635501862,0.2190726399421692,0.060332316905260086
780,928,0,0.08679363131523132,0.0751669779419899,0.0509050190448761,0.043925851583480835,0.06807446479797363,0.10543763637542725
781,929,0,0.027133256196975708,0.027805371209979057,0.038687750697135925,0.08481563627719879,0.0787615031003952,0.048789944499731064
782,930,0,0.0,0.0772208720445633,0.0821080431342125,0.07564271986484528,0.06478963047266006,0.15079306066036224
783,931,0,0.03451204672455788,0.022885814309120178,0.013375857844948769,0.010073534213006496,0.02427848055958748,0.047592565417289734
784,932,0,0.0724990963935852,0.0876646339893341,0.14613693952560425,0.2710776925086975,0.17609810829162598,0.1346171796321869
785,933,0,0.0,0.0,0.0,0.0,0.0,0.11394492536783218
786,934,0,0.07660816609859467,0.09233689308166504,0.06890769302845001,0.02512338198721409,0.04113589599728584,0.2130368947982788
787,935,0,0.18344759941101074,0.18095117807388306,0.14057248830795288,0.2318079024553299,0.3755548596382141,0.25826317071914673
788,936,0,0.0,0.0,0.0,0.0527021698653698,0.04974091053009033,0.0
789,937,0,0.0,0.0,0.03629850596189499,0.05054023116827011,0.1377595067024231,0.3503205478191376
790,938,0,0.0,0.0,0.0,0.0,0.0,0.0
791,940,0,0.16836509108543396,0.13025569915771484,0.04601345211267471,0.06624460965394974,0.19068419933319092,0.12474054098129272
792,941,0,0.0888238176703453,0.09465672075748444,0.11994034051895142,0.14839328825473785,0.27031636238098145,0.18356317281723022
793,942,0,0.21262414753437042,0.09890386462211609,0.06677332520484924,0.0907217487692833,0.11397649347782135,0.13069958984851837
794,943,0,0.0,0.0,0.028538918122649193,0.020283903926610947,0.044347163289785385,0.07874564826488495
795,944,0,0.12404337525367737,0.14448674023151398,0.09229642897844315,0.10299772769212723,0.26846691966056824,0.14551565051078796
796,945,0,0.046924982219934464,0.05544310435652733,0.07404060661792755,0.04453671723604202,0.05782594531774521,0.09344440698623657
797,946,0,0.038329895585775375,0.03188005089759827,0.04106631875038147,0.04942619428038597,0.08485163748264313,0.08218593150377274
798,947,0,0.10755231976509094,0.10133497416973114,0.10738778859376907,0.12749430537223816,0.13168562948703766,0.4967788755893707
799,948,0,0.0703582614660263,0.057042721658945084,0.04976597800850868,0.05045713111758232,0.058696579188108444,0.1593923419713974
800,950,0,0.06339580565690994,0.046884261071681976,0.026288863271474838,0.04766310006380081,0.03543335199356079,0.265822172164917
801,951,0,0.2345997393131256,0.3512595295906067,0.33815592527389526,0.2915874123573303,0.24087561666965485,0.10260874778032303
802,952,0,0.03855440393090248,0.055380929261446,0.058114487677812576,0.07259093225002289,0.05998421460390091,0.3077309727668762
803,953,0,0.13126319646835327,0.08293802291154861,0.0730065107345581,0.11094756424427032,0.15734639763832092,0.22798113524913788
804,954,0,0.17525164783000946,0.23103384673595428,0.3337205946445465,0.3445824682712555,0.2841339409351349,0.1948508471250534
805,955,0,0.08010704070329666,0.04886117950081825,0.06079486757516861,0.18602588772773743,0.0,0.22807203233242035
806,956,0,0.0,0.03551848977804184,0.03428136184811592,0.0,0.0,0.0
807,958,0,0.0950811579823494,0.06796186417341232,0.0783245638012886,0.06266141682863235,0.05688957870006561,0.1355981081724167
808,959,0,0.06893561780452728,0.1775183230638504,0.3597868084907532,0.20727944374084473,0.061818432062864304,0.0688900351524353
809,960,0,0.09156730026006699,0.11374657601118088,0.07632342725992203,0.07356396317481995,0.1571905016899109,0.35289156436920166
810,961,0,0.04889088496565819,0.06446540355682373,0.054862674325704575,0.07259019464254379,0.055132173001766205,0.08325033634901047
811,962,0,0.0,0.0,0.0,0.0,0.0,0.0
812,963,0,0.2956653833389282,0.17226655781269073,0.11090796440839767,0.17268355190753937,0.1935683786869049,0.32417431473731995
813,964,0,0.18448282778263092,0.17318999767303467,0.13994765281677246,0.11758195608854294,0.1288415491580963,0.07233163714408875
814,965,0,0.0,0.051662735641002655,0.03966429829597473,0.06836352497339249,0.10096403956413269,0.1185334175825119
815,966,0,0.10414331406354904,0.07677798718214035,0.03392164036631584,0.04797625169157982,0.05744557827711105,0.08206938207149506
816,967,0,0.10637946426868439,0.09991168230772018,0.18058742582798004,0.17592547833919525,0.07299435883760452,0.28590649366378784
817,969,0,0.06930690258741379,0.12634997069835663,0.11426165699958801,0.13971257209777832,0.25627902150154114,0.30449041724205017
818,970,0,0.2303009033203125,0.11878649145364761,0.05329570919275284,0.03540767356753349,0.04211394116282463,0.08623955398797989
819,971,0,0.13709616661071777,0.10619835555553436,0.12004830688238144,0.15794546902179718,0.326943963766098,0.0
820,972,0,0.053696613758802414,0.1499793529510498,0.13767743110656738,0.0737941637635231,0.14725534617900848,0.21645785868167877
821,973,0,0.014826646074652672,0.02137080579996109,0.06011221185326576,0.11319055408239365,0.08661291003227234,0.23457002639770508
822,974,0,0.19704554975032806,0.24060595035552979,0.19731462001800537,0.08926504105329514,0.3616863191127777,0.47032982110977173
823,975,0,0.061386216431856155,0.06370240449905396,0.056725386530160904,0.16124077141284943,0.14375454187393188,0.12640511989593506
824,977,0,0.1693345159292221,0.0914868488907814,0.05225841701030731,0.05626067519187927,0.08722849190235138,0.06979420781135559
825,978,0,0.0,0.03827295079827309,0.03755076229572296,0.061142269521951675,0.05652855709195137,0.058053795248270035
826,979,0,0.0631495863199234,0.050775788724422455,0.04864118993282318,0.06696481257677078,0.09407113492488861,0.060201529413461685
827,980,0,0.4370013475418091,0.29916664958000183,0.22897742688655853,0.20669615268707275,0.14726658165454865,0.08239323645830154
828,981,0,0.16713497042655945,0.16347993910312653,0.14982180297374725,0.21464093029499054,0.0,0.3177541196346283
829,982,0,0.0,0.0,0.0,0.0,0.0,0.0
830,983,0,0.03675303980708122,0.039910294115543365,0.030397722497582436,0.02143140137195587,0.025604460388422012,0.05558057874441147
831,984,0,0.0,0.0,0.0,0.0,0.0,0.12408162653446198
832,985,0,0.3186084032058716,0.28097179532051086,0.46488484740257263,0.6089769601821899,0.09805314987897873,0.7517920732498169
833,987,0,0.06927831470966339,0.04640140011906624,0.03407642990350723,0.06464867293834686,0.12327069044113159,0.34275755286216736
834,988,0,0.16594061255455017,0.0912286713719368,0.1366201490163803,0.20230133831501007,0.31987014412879944,0.0
835,989,0,0.0,0.0,0.021405840292572975,0.0343354195356369,0.043300215154886246,0.040087006986141205
836,990,0,0.0,0.0,0.0,0.14701756834983826,0.15911519527435303,0.10083778202533722
837,991,0,0.05380294844508171,0.04472997784614563,0.07756662368774414,0.04209939017891884,0.05872586742043495,0.21921561658382416
838,992,0,0.15751108527183533,0.13629741966724396,0.16183985769748688,0.13077709078788757,0.05650775134563446,0.20085008442401886
839,994,0,0.0,0.0,0.0,0.0,0.0,0.0880599245429039
840,995,0,0.2849413752555847,0.43711423873901367,0.31304308772087097,0.05807513743638992,0.1301240772008896,0.43979591131210327
841,996,0,0.05866360291838646,0.08151812106370926,0.11270308494567871,0.08131323754787445,0.018360543996095657,0.02069239877164364
842,998,0,0.0336039736866951,0.04084077477455139,0.05982038006186485,0.06351946294307709,0.08693300932645798,0.08413425832986832
843,999,0,0.0,0.04657210782170296,0.035700723528862,0.03198929876089096,0.028007086366415024,0.19235798716545105
