Sample,Epsilon 0,Epsilon 1,Epsilon 2,Epsilon 4,Epsilon 8,Epsilon 16,Epsilon 32
0,0,0.31685972213745117,0.0,0.45912161469459534,0.0,0.029586510732769966,0.0
2,0,0.0,0.0,0.0,0.0,0.0,0.009555616416037083
3,0,0.0,0.0,0.10515256226062775,0.0,0.040855880826711655,0.010681458748877048
4,0,0.0,0.0,0.03373432531952858,0.09397271275520325,0.02425866387784481,0.04526691883802414
5,0,0.0,0.0,0.026524655520915985,0.04842129722237587,0.01722594164311886,0.006881957408040762
6,0,0.0,0.0,0.0560370534658432,0.0,0.013590263202786446,0.01471142191439867
10,0,0.0,0.0,0.0,0.0,0.0,0.01427283976227045
11,0,0.0,0.0,0.0,0.0,0.026102570816874504,0.0
12,0,0.0,0.0,0.0,0.060593198984861374,0.06405030936002731,0.008458017371594906
14,0,0.0,0.0,0.0,0.028200004249811172,0.021688170731067657,0.013529803603887558
15,0,0.05247877910733223,0.05494284629821777,0.0444643571972847,0.02306727133691311,0.0,0.010358676314353943
16,0,0.10740875452756882,0.2606799006462097,0.1445239633321762,0.0193807203322649,0.03288210183382034,0.03022833541035652
17,0,0.0,0.0,0.0,0.0,0.02504795975983143,0.016002696007490158
19,0,0.0,0.0,0.11392408609390259,0.030776936560869217,0.02328510582447052,0.010610171593725681
21,0,0.0,0.0,0.0,0.0,0.02246140129864216,0.06495914608240128
22,0,0.0,0.0,0.0,0.0,0.056081853806972504,0.0
24,0,0.0,0.32852357625961304,0.08616353571414948,0.04483424872159958,0.1329384744167328,0.047983720898628235
25,0,0.0,0.0,0.0,0.0,0.033037178218364716,0.016185937449336052
26,0,0.0,0.0,0.027094338089227676,0.0918475091457367,0.018167270347476006,0.007216986734420061
27,0,0.0,0.40878579020500183,0.0,0.23936279118061066,0.0,0.03208482265472412
28,0,0.0,0.0,0.0,0.024255555123090744,0.013387653976678848,0.009519536979496479
29,0,0.0,0.0,0.0756397470831871,0.032656069844961166,0.012560796923935413,0.00518574845045805
31,0,0.0,0.12496813386678696,0.0,0.07469052821397781,0.015310069546103477,0.012851331382989883
32,0,0.0,0.0,0.0,0.13176891207695007,0.0,0.0065055773593485355
33,0,0.0,0.0,0.0,0.0,0.0,0.0
34,0,0.0,0.0,0.0,0.0,0.008771820925176144,0.006727333180606365
36,0,0.0,0.0,0.0,0.0,0.05343782529234886,0.0
37,0,0.0,0.0,0.0,0.0,0.0,0.0
39,0,0.0,0.0,0.0,0.13122676312923431,0.1143702045083046,0.013157720677554607
40,0,0.0,0.0,0.0,0.3654431104660034,0.056536395102739334,0.04055400192737579
41,0,0.0,0.0,0.0,0.044498711824417114,0.05712838098406792,0.011419549584388733
42,0,0.0,0.0,0.020825212821364403,0.0784635990858078,0.02772042527794838,0.010620479471981525
43,0,0.0,0.0,0.0,0.031078411266207695,0.0,0.022077340632677078
44,0,0.0,0.0,0.0,0.05283411219716072,0.01753956638276577,0.020846214145421982
45,0,0.0,0.0,0.0179104246199131,0.014823520556092262,0.026154333725571632,0.01620975136756897
46,0,0.0,0.020616888999938965,0.0,0.022846613079309464,0.007208982948213816,0.008675786666572094
47,0,0.0,0.0,0.0,0.0,0.0,0.015443105250597
50,0,0.0,0.0,0.01872081682085991,0.015336803160607815,0.0104371327906847,0.012171220034360886
51,0,0.0,0.0,0.0,0.0,0.013764433562755585,0.012619594112038612
52,0,0.0,0.0,0.0,0.06358613073825836,0.012611791491508484,0.01832638680934906
53,0,0.3866626024246216,0.19720721244812012,0.0,0.05338055267930031,0.011710723862051964,0.025308214128017426
54,0,0.0,0.133518248796463,0.06563781946897507,0.01765945926308632,0.0,0.008085807785391808
57,0,0.043636005371809006,0.09148040413856506,0.04971190541982651,0.05783330649137497,0.010311591438949108,0.010908800177276134
58,0,0.0,0.0,0.0,0.0,0.0,0.0
60,0,0.0,0.0,0.0,0.0,0.0,0.0
61,0,0.0,0.21501272916793823,0.03739023581147194,0.03423699736595154,0.012729579582810402,0.015271114185452461
62,0,0.0,0.0,0.0,0.0,0.04846027120947838,0.00647295918315649
63,0,0.0,0.0,0.0,0.0,0.0,0.0
65,0,0.0,0.0,0.05696149915456772,0.08284929394721985,0.02163916453719139,0.01053431537002325
66,0,0.0,0.0,0.0,0.12478110194206238,0.0,0.015869688242673874
67,0,0.0,0.0,0.0,0.0,0.0,0.014793327078223228
68,0,0.0,0.0,0.08105628192424774,0.0,0.021234365180134773,0.008098846301436424
69,0,0.12112943828105927,0.06564707309007645,0.029302794486284256,0.03481563180685043,0.01023134682327509,0.027426647022366524
70,0,0.10420186072587967,0.10836359858512878,0.19605451822280884,0.05005655065178871,0.025085462257266045,0.006991290487349033
71,0,0.0,0.0,0.06882034987211227,0.02606031484901905,0.018056292086839676,0.016289617866277695
72,0,0.0,0.0,0.0,0.17168661952018738,0.06908998638391495,0.024423997849225998
73,0,0.0,0.0,0.0,0.0,0.014367576688528061,0.007362122181802988
75,0,0.0,0.0,0.0,0.055099934339523315,0.04861529916524887,0.0
76,0,0.0,0.0,0.05847494676709175,0.04173124581575394,0.016061749309301376,0.01773659884929657
77,0,0.0,0.06625742465257645,0.0,0.008922257460653782,0.01717861369252205,0.00618332764133811
78,0,0.0,0.0,0.0,0.0,0.0,0.0
79,0,0.0,0.0,0.0,0.0,0.015734514221549034,0.015110650099813938
80,0,0.0,0.0,0.0,0.0,0.01857372373342514,0.011313571594655514
81,0,0.0,0.0,0.09551703929901123,0.023563086986541748,0.008949227631092072,0.02585243061184883
82,0,0.0,0.0,0.0,0.06657636165618896,0.0,0.010804105550050735
83,0,0.030278941616415977,0.030457738786935806,0.0789627954363823,0.052986398339271545,0.026574039831757545,0.012121816165745258
84,0,0.0,0.0,0.061014574021101,0.06537050753831863,0.05654351785778999,0.019093601033091545
85,0,0.0,0.0,0.0,0.0,0.010856467299163342,0.010649631731212139
86,0,0.0,0.0,0.0,0.0,0.0,0.022376595064997673
87,0,0.0,0.0,0.0,0.06407070904970169,0.0,0.0
88,0,0.0,0.0,0.0,0.0,0.0,0.012289796024560928
89,0,0.0,0.0,0.07472778111696243,0.03191220760345459,0.024114016443490982,0.033094972372055054
91,0,0.0,0.0,0.0,0.11240691691637039,0.0,0.010761788114905357
92,0,0.23356735706329346,0.1593930572271347,0.04764348641037941,0.03244147077202797,0.051080990582704544,0.030689263716340065
93,0,0.0,0.0,0.0,0.0,0.1673167645931244,0.02797025442123413
94,0,0.0,0.0,0.0,0.0,0.026886392384767532,0.0
95,0,0.0,0.05410284921526909,0.0,0.0,0.012882599607110023,0.009792421013116837
96,0,0.0,0.0,0.0,0.020976638421416283,0.02023509331047535,0.0
97,0,0.0,0.5138099789619446,0.029462026432156563,0.015056152828037739,0.008059934712946415,0.0055200085043907166
98,0,0.0,0.0,0.0,0.0,0.0,0.0
99,0,0.0,0.0,0.0,0.02203841134905815,0.0,0.012741479091346264
100,0,0.15929587185382843,0.2906133532524109,0.06723756343126297,0.0556955449283123,0.026656853035092354,0.007685037329792976
101,0,0.0,0.0,0.023121939972043037,0.0833328440785408,0.009043693542480469,0.007287336979061365
102,0,0.0,0.0,0.0,0.0,0.0,0.01326743047684431
103,0,0.0,0.0,0.0,0.0,0.0,0.006055116653442383
106,0,0.0,0.0,0.040220968425273895,0.020830579102039337,0.017803950235247612,0.021658578887581825
107,0,0.0,0.0,0.0,0.0,0.014981398358941078,0.01418760884553194
108,0,0.0,0.0,0.03996673598885536,0.010645008645951748,0.007054836023598909,0.007952699437737465
109,0,0.0,0.0,0.0,0.0,0.0,0.0
111,0,0.0,0.06585429608821869,0.11921655386686325,0.058871205896139145,0.014510473236441612,0.006396657321602106
114,0,0.0,0.0,0.0,0.0,0.009085012599825859,0.010239928029477596
115,0,0.0,0.0,0.0,0.0,0.0,0.0
116,0,0.0,0.0,0.0,0.026121854782104492,0.008578035980463028,0.007846631109714508
117,0,0.0,0.11631367355585098,0.10826247930526733,0.0,0.024400001391768456,0.018684683367609978
118,0,0.0,0.2894099950790405,0.0,0.023393653333187103,0.009688228368759155,0.008990119211375713
120,0,0.0,0.0,0.0,0.0,0.0,0.0
121,0,0.0,0.0,0.0,0.11234019696712494,0.019013168290257454,0.006060189567506313
122,0,0.0,0.0,0.0,0.0,0.0,0.0
123,0,0.0,0.0,0.0,0.0,0.029617097228765488,0.024031715467572212
124,0,0.0,0.0,0.0,0.0,0.0,0.0
125,0,0.0,0.030817952007055283,0.015906795859336853,0.02871677652001381,0.007676177192479372,0.007581854239106178
126,0,0.0,0.0,0.0,0.0,0.06470122933387756,0.05029686167836189
127,0,0.0,0.0,0.0,0.0,0.0,0.018000952899456024
128,0,0.0,0.0,0.0,0.0,0.0,0.0
129,0,0.0,0.0,0.06949178874492645,0.022039340808987617,0.03214576467871666,0.004299572668969631
131,0,0.0,0.0,0.0,0.0,0.02303292602300644,0.008481692522764206
132,0,0.0,0.0,0.0,0.0,0.0,0.0
133,0,0.15588730573654175,0.0,0.0,0.08343172073364258,0.03861069306731224,0.017725760117173195
134,0,0.0,0.0,0.0,0.0,0.016821732744574547,0.00827670656144619
136,0,0.0,0.0,0.02876080386340618,0.03157905489206314,0.020362315699458122,0.008810853585600853
137,0,0.0,0.0,0.0,0.019420627504587173,0.0,0.0048827617429196835
139,0,0.0,0.0,0.0,0.0,0.0,0.0
140,0,0.0,0.0,0.0,0.0,0.0,0.009584862738847733
141,0,0.0,0.0,0.0,0.0,0.0,0.0
143,0,0.0,0.0,0.0,0.0,0.01659918576478958,0.032181087881326675
144,0,0.0,0.0,0.0,0.0,0.016464831307530403,0.0
145,0,0.0,0.15371470153331757,0.5328917503356934,0.0,0.014530319720506668,0.018320010975003242
147,0,0.0,0.0,0.0,0.042956870049238205,0.0,0.02989625185728073
149,0,0.0,0.0,0.0,0.0,0.0240874532610178,0.0062988572753965855
150,0,0.35801175236701965,0.3536643981933594,0.0,0.0,0.0,0.0
151,0,0.0,0.04846600443124771,0.016758661717176437,0.006522581912577152,0.0,0.00945939403027296
153,0,0.5600593090057373,0.5245789289474487,0.3432835042476654,0.12354659289121628,0.08829843252897263,0.06345870345830917
155,0,0.0,0.0,0.0,0.04929490014910698,0.009554189629852772,0.011722500436007977
156,0,0.0,0.0,0.06755989789962769,0.038764458149671555,0.0,0.010750550776720047
157,0,0.22801397740840912,0.38469839096069336,0.18102936446666718,0.13335682451725006,0.02412520721554756,0.025235043838620186
158,0,0.0,0.0,0.08813479542732239,0.028804384171962738,0.017755700275301933,0.022197647020220757
159,0,0.0,0.0,0.2578926980495453,0.05280361697077751,0.008590677753090858,0.009758180007338524
160,0,0.0,0.0,0.0,0.09278742223978043,0.09815622866153717,0.10064273327589035
161,0,0.0,0.0,0.0,0.0,0.02389129251241684,0.021568354219198227
162,0,0.0,0.0,0.6977497935295105,0.4410195052623749,0.04177271947264671,0.011807301081717014
163,0,0.0,0.0,0.0,0.12869127094745636,0.07653069496154785,0.0437878742814064
164,0,0.0,0.0,0.0,0.03044847957789898,0.0,0.013429773971438408
165,0,0.0,0.0,0.07813435047864914,0.06301051378250122,0.014979501254856586,0.01063648983836174
166,0,0.0,0.0,0.0,0.030133679509162903,0.016246292740106583,0.006144474260509014
167,0,0.0,0.03814888745546341,0.05834971368312836,0.01842437870800495,0.05695810168981552,0.020558850839734077
168,0,0.0,0.1044461652636528,0.2183847725391388,0.037235721945762634,0.04492245614528656,0.021739386022090912
170,0,0.0,0.1331290304660797,0.13468149304389954,0.04282863810658455,0.023206176236271858,0.010234859772026539
171,0,0.0,0.07072272896766663,0.028903227299451828,0.030292458832263947,0.013396342284977436,0.007587630767375231
172,0,0.0,0.0,0.0,0.0,0.0,0.04693322628736496
173,0,0.0,0.0,0.062262892723083496,0.08167882263660431,0.014233244583010674,0.014335539191961288
174,0,0.0,0.14566613733768463,0.023628108203411102,0.01966814324259758,0.008177725598216057,0.01101984828710556
175,0,0.0,0.0,0.059891603887081146,0.042758259922266006,0.0,0.0
176,0,0.0,0.0,0.06112553924322128,0.027210373431444168,0.007623548153787851,0.007489894516766071
177,0,0.0,0.0,0.03397957235574722,0.026745272800326347,0.0367184616625309,0.014151616021990776
178,0,0.0,0.0,0.0,0.0,0.0,0.0
179,0,0.0,0.0,0.0,0.0,0.010759253986179829,0.013192360289394855
180,0,0.0,0.0,0.0,0.0,0.0,0.0
181,0,0.0,0.0,0.0,0.0,0.0,0.006596393883228302
182,0,0.3144006133079529,0.1866626888513565,0.06645922362804413,0.04912886768579483,0.0198663417249918,0.02041664719581604
183,0,0.14803621172904968,0.2686699330806732,0.0,0.03983278200030327,0.08223491162061691,0.006372977513819933
184,0,0.0,0.0,0.0,0.0,0.009915693663060665,0.007838594727218151
185,0,0.0,0.0,0.0,0.15665805339813232,0.021834418177604675,0.013556618243455887
186,0,0.0,0.0,0.08757293969392776,0.05090821906924248,0.0,0.0
188,0,0.0,0.0,0.0,0.0,0.02957053855061531,0.030023952946066856
189,0,0.0,0.0,0.0,0.10654643923044205,0.0,0.0
190,0,0.0,0.0,0.13494226336479187,0.0,0.010376183316111565,0.0
191,0,0.0,0.0,0.0,0.02352428250014782,0.010395997203886509,0.014019027352333069
192,0,0.0,0.05113732069730759,0.041762255132198334,0.01590602472424507,0.025112571194767952,0.007189827039837837
193,0,0.17907515168190002,0.4144119620323181,0.18090181052684784,0.2413344532251358,0.06250566244125366,0.05115760490298271
194,0,0.0,0.0,0.0,0.0,0.0,0.013454415835440159
195,0,0.0,0.11076460778713226,0.0,0.03899001702666283,0.02744610235095024,0.01896483823657036
196,0,0.0,0.0,0.0,0.07391303777694702,0.23645563423633575,0.0
197,0,0.0,0.04947719722986221,0.055279288440942764,0.21960224211215973,0.0,0.025459326803684235
199,0,0.0,0.0,0.0,0.0,0.029126906767487526,0.017251338809728622
200,0,0.0,0.0,0.0,0.07003389298915863,0.033286724239587784,0.043782033026218414
202,0,0.0,0.0,0.0,0.0,0.026568816974759102,0.007100080605596304
203,0,0.0,0.0,0.13013900816440582,0.07753751426935196,0.020697761327028275,0.012491765432059765
204,0,0.0,0.0,0.0,0.0,0.0,0.0
205,0,0.0,0.0,0.33663275837898254,0.0,0.0,0.025349220260977745
206,0,0.0,0.0,0.2227480262517929,0.0,0.027577834203839302,0.014661208726465702
207,0,0.0,0.0,0.0,0.0,0.0,0.015089613385498524
208,0,0.0,0.0,0.0,0.0,0.0,0.018668876960873604
209,0,0.0,0.0,0.05420437082648277,0.0,0.0,0.010385514236986637
211,0,0.0,0.0,0.027100717648863792,0.028757784515619278,0.012199711985886097,0.018475307151675224
212,0,0.0,0.0,0.0857979878783226,0.05467381700873375,0.0,0.032709281891584396
213,0,0.0,0.0,0.0,0.0,0.0,0.005043341312557459
216,0,0.0,0.0,0.20094630122184753,0.0,0.020766224712133408,0.009930133819580078
217,0,0.0,0.18273289501667023,0.3474447727203369,0.23552033305168152,0.0076367491856217384,0.014200112782418728
218,0,0.09926317632198334,0.057530634105205536,0.015596182085573673,0.053224850445985794,0.014657444320619106,0.05201025307178497
219,0,0.0,0.0,0.024649571627378464,0.007914095185697079,0.009630938060581684,0.007615003734827042
220,0,0.0,0.02906494028866291,0.026052365079522133,0.0,0.011065371334552765,0.006006019655615091
221,0,0.0,0.0,0.0,0.0,0.032167039811611176,0.0
222,0,0.0,0.0,0.0,0.0,0.0,0.0
224,0,0.0,0.0,0.014145608991384506,0.05660136044025421,0.015509913675487041,0.01579386368393898
225,0,0.0,0.0,0.0,0.04061392322182655,0.07222940772771835,0.018212303519248962
226,0,0.0,0.0,0.0,0.015314213931560516,0.02454562671482563,0.0044116913340985775
228,0,0.0,0.0,0.0,0.014698721468448639,0.014540758915245533,0.011058974079787731
229,0,0.07507836818695068,0.10534269362688065,0.04543229565024376,0.04656195268034935,0.011485666036605835,0.006583586800843477
230,0,0.0,0.0,0.0,0.0263653751462698,0.03428615629673004,0.0
231,0,0.0,0.0,0.0,0.0,0.0,0.0
233,0,0.0,0.164527028799057,0.05707431957125664,0.03642822802066803,0.009646998718380928,0.004430992063134909
235,0,0.0,0.0,0.0,0.04983512684702873,0.0,0.02632167935371399
236,0,0.0,0.0,0.0,0.0,0.0,0.0
238,0,0.0,0.04448440298438072,0.050343651324510574,0.03354983404278755,0.03386998176574707,0.010854489170014858
239,0,0.0,0.0,0.0,0.0,0.0176674984395504,0.028179079294204712
240,0,0.11620548367500305,0.13657060265541077,0.08397816866636276,0.04229328781366348,0.021564599126577377,0.0
241,0,0.0,0.0,0.0,0.0,0.0,0.0
242,0,0.05431715026497841,0.09189686924219131,0.07606646418571472,0.038282476365566254,0.03363186866044998,0.022180605679750443
244,0,0.0,0.0,0.0,0.07980359345674515,0.0,0.0
246,0,0.0,0.0,0.0,0.0,0.0,0.0
247,0,0.22644656896591187,0.2726987600326538,0.37841543555259705,0.013028975576162338,0.014321427792310715,0.00696466863155365
248,0,0.0,0.6382514834403992,0.0,0.03392823040485382,0.01604676991701126,0.027434032410383224
249,0,0.09132734686136246,0.04444970563054085,0.03673015907406807,0.016926871612668037,0.006673884112387896,0.0038225858006626368
250,0,0.0,0.0,0.0,0.0,0.0,0.0
252,0,0.0,0.0,0.0,0.017534717917442322,0.0,0.03230319917201996
253,0,0.0,0.0,0.0,0.0,0.0,0.0
254,0,0.0,0.0,0.0,0.040168218314647675,0.0,0.024544380605220795
255,0,0.0,0.0,0.0,0.0,0.0,0.0
256,0,0.0,0.0,0.0,0.0,0.05643129721283913,0.012926901690661907
257,0,0.0,0.06630144268274307,0.09438321739435196,0.09906729310750961,0.039464231580495834,0.046164777129888535
258,0,0.23341436684131622,0.16587252914905548,0.2591024935245514,0.050694793462753296,0.020596956834197044,0.0059871491976082325
259,0,0.1458747237920761,0.07515426725149155,0.03970241919159889,0.030708251520991325,0.0,0.0
260,0,0.0,0.0,0.0,0.0,0.039232153445482254,0.008583701215684414
261,0,0.2586595416069031,0.10197288542985916,0.0,0.010046280920505524,0.00475960923358798,0.008860122412443161
262,0,0.0,0.0,0.0,0.0,0.009433661587536335,0.006466067396104336
263,0,0.1130485087633133,0.022228974848985672,0.0,0.018514620140194893,0.0,0.010548430494964123
264,0,0.0,0.4987364709377289,0.0,0.05245707929134369,0.0,0.024742508307099342
265,0,0.10752174258232117,0.06779754906892776,0.017381682991981506,0.025560056790709496,0.013024652376770973,0.02144060842692852
266,0,0.0,0.0,0.0,0.0,0.0,0.02087799832224846
267,0,0.0675690695643425,0.0645231381058693,0.04797814041376114,0.02266860380768776,0.020703831687569618,0.011779568158090115
271,0,0.0,0.0,0.1423223912715912,0.03899122774600983,0.050485629588365555,0.06636941432952881
273,0,0.0,0.0,0.0,0.0,0.0,0.009866025298833847
275,0,0.0,0.0,0.0,0.0,0.0,0.0
276,0,0.16347892582416534,0.11516135185956955,0.02018275111913681,0.05827370658516884,0.0,0.015735788270831108
277,0,0.0,0.0,0.0,0.0,0.008282874710857868,0.008996546268463135
278,0,0.0,0.0,0.0,0.030827721580863,0.029487699270248413,0.025538749992847443
279,0,0.0,0.1476970911026001,0.0,0.04583181440830231,0.0,0.018357809633016586
280,0,0.0,0.0,0.035033345222473145,0.028241826221346855,0.018401652574539185,0.007248286623507738
281,0,0.0,0.0,0.0,0.0,0.016676027327775955,0.009576390497386456
282,0,0.0,0.0,0.0,0.0,0.0,0.012069820426404476
284,0,0.0,0.0,0.0,0.010799235664308071,0.009347784332931042,0.005030664149671793
285,0,0.0,0.0,0.0,0.017257096245884895,0.0,0.018657274544239044
286,0,0.0,0.0,0.0,0.0,0.0,0.009982158429920673
287,0,0.0,0.0,0.0,0.05270368233323097,0.01315231155604124,0.006928191985934973
288,0,0.0,0.07538774609565735,0.0,0.0,0.02961079776287079,0.018233342096209526
289,0,0.0,0.0,0.0,0.0,0.020931214094161987,0.034149862825870514
290,0,0.0,0.0,0.12009532004594803,0.03365245461463928,0.010940124280750751,0.012896153144538403
291,0,0.0,0.0,0.0,0.0,0.0,0.0
292,0,0.0,0.0,0.0,0.0,0.0,0.016459058970212936
293,0,0.0,0.0,0.0,0.03690054640173912,0.013173287734389305,0.007742193061858416
295,0,0.0,0.0,0.0,0.0,0.07038775086402893,0.0
296,0,0.0,0.0,0.0,0.047316569834947586,0.02031572349369526,0.004775161389261484
297,0,0.1185166984796524,0.3414895236492157,0.15328170359134674,0.05332830920815468,0.04109165444970131,0.024023614823818207
298,0,0.0,0.0,0.0,0.02140936441719532,0.012972009368240833,0.00775804603472352
299,0,0.0,0.0,0.0,0.0,0.057940032333135605,0.009302707388997078
300,0,0.0,0.0,0.0601983405649662,0.015911776572465897,0.012228754349052906,0.026106813922524452
302,0,0.0,0.0,0.06693661212921143,0.016131890937685966,0.028135141357779503,0.023715626448392868
303,0,0.0,0.0,0.12626932561397552,0.025331133976578712,0.011773891746997833,0.01153121329843998
304,0,0.0,0.08962427079677582,0.10561695694923401,0.035688769072294235,0.01218187902122736,0.014999695122241974
305,0,0.0,0.0,0.0,0.0,0.0,0.01607879064977169
306,0,0.0,0.0,0.0,0.0,0.00983642041683197,0.006914082914590836
307,0,0.46133163571357727,0.3255545496940613,0.1232333853840828,0.024549519643187523,0.01434406079351902,0.009550352580845356
308,0,0.0,0.08470004796981812,0.0,0.10835879296064377,0.07200565189123154,0.013192983344197273
309,0,0.0,0.1081220954656601,0.08062241971492767,0.020779091864824295,0.007402684073895216,0.030280306935310364
310,0,0.0,0.0,0.0,0.0,0.01204703189432621,0.006448785774409771
312,0,0.12154761701822281,0.0,0.05477089062333107,0.0,0.17178119719028473,0.0
313,0,0.0,0.0,0.0,0.0,0.019672246649861336,0.02205396629869938
314,0,0.0,0.0,0.0,0.027580512687563896,0.0,0.0591738298535347
316,0,0.0,0.0,0.0,0.0,0.0,0.0
317,0,0.0,0.0,0.0,0.0,0.0,0.0
319,0,0.04128384217619896,0.03682965412735939,0.030208807438611984,0.028206799179315567,0.006947339046746492,0.005878163035959005
320,0,0.0,0.10837958008050919,0.0,0.036166977137327194,0.012490391731262207,0.007012401707470417
321,0,0.3969842791557312,0.2557971179485321,0.0,0.18221278488636017,0.0,0.012821562588214874
322,0,0.0,0.0,0.03975654020905495,0.021683551371097565,0.015592009760439396,0.011738364584743977
323,0,0.0,0.0,0.0,0.0,0.03916117176413536,0.030687926337122917
324,0,0.0,0.07467969506978989,0.1641225665807724,0.0,0.031288567930459976,0.052030760794878006
325,0,0.0,0.09774076193571091,0.09890569001436234,0.0,0.0547618642449379,0.010937022976577282
327,0,0.0,0.20287944376468658,0.07327046990394592,0.015601497143507004,0.012610621750354767,0.009728777222335339
328,0,0.0,0.0,0.0,0.0,0.0,0.039329562336206436
329,0,0.0,0.0,0.0,0.027430621907114983,0.015616410411894321,0.008807484991848469
330,0,0.0,0.0,0.0,0.010226835496723652,0.0,0.006618870887905359
331,0,0.10261399298906326,0.09689204394817352,0.015062754042446613,0.01986694522202015,0.05271127074956894,0.012736083008348942
332,0,0.0,0.0,0.07368764281272888,0.0677156075835228,0.014339535497128963,0.03132918104529381
333,0,0.09471749514341354,0.0,0.0,0.0360749252140522,0.03984846919775009,0.007835248485207558
334,0,0.0,0.0,0.0,0.0,0.0,0.0
335,0,0.0,0.13538481295108795,0.08107665926218033,0.04807034879922867,0.04132650047540665,0.01965630240738392
336,0,0.06440400332212448,0.04598425328731537,0.04548107460141182,0.026143765076994896,0.010371595621109009,0.008617432788014412
337,0,0.0,0.0,0.0,0.024197345599532127,0.005957753397524357,0.0058510019443929195
338,0,0.0,0.0,0.0,0.0,0.0,0.010108345188200474
339,0,0.0,0.0,0.0,0.0,0.01585332490503788,0.00552976643666625
340,0,0.05013945698738098,0.022559866309165955,0.07146855443716049,0.10024993121623993,0.03264062851667404,0.048832327127456665
341,0,0.0,0.11188255995512009,0.0,0.0,0.03966810181736946,0.026645367965102196
342,0,0.18098953366279602,0.1112975999712944,0.026140524074435234,0.10433246195316315,0.0071550696156919,0.0
343,0,0.0,0.0,0.0,0.0,0.0,0.0
344,0,0.0,0.0,0.0,0.0,0.0,0.0
345,0,0.0,0.0,0.0,0.0,0.016359131783246994,0.0
346,0,0.0,0.0,0.04896969348192215,0.0,0.0,0.0
347,0,0.0,0.0,0.0,0.0,0.0,0.0
348,0,0.0,0.0,0.0,0.19581912457942963,0.0,0.02498074620962143
349,0,0.0,0.0,0.0,0.03617075830698013,0.01796579174697399,0.022011617198586464
350,0,0.0,0.0,0.0,0.2076733112335205,0.2128649801015854,0.08089927583932877
351,0,0.0,0.0,0.0,0.0,0.0,0.011453934945166111
352,0,0.21071462333202362,0.13736948370933533,0.10581215471029282,0.022711925208568573,0.04254961013793945,0.014591111801564693
353,0,0.0,0.0,0.0,0.0,0.042793769389390945,0.0
354,0,0.0,0.0,0.0,0.0,0.0,0.0
355,0,0.0,0.0,0.08586709201335907,0.04742174595594406,0.015521100722253323,0.024680253118276596
356,0,0.0,0.14423395693302155,0.13428321480751038,0.03653198108077049,0.0,0.036931272596120834
357,0,0.0,0.11407337337732315,0.05719086155295372,0.012368018738925457,0.05115734040737152,0.0255734920501709
358,0,0.0,0.0,0.2531766891479492,0.2136889398097992,0.0486278161406517,0.049310214817523956
359,0,0.18696554005146027,0.07269281893968582,0.07822830229997635,0.046610277146101,0.012916685082018375,0.014056076295673847
360,0,0.0,0.0,0.0,0.0,0.0,0.0
361,0,0.0,0.0,0.0,0.06835409998893738,0.0,0.0
363,0,0.0,0.0,0.0,0.0,0.0,0.02828424610197544
364,0,0.0,0.0,0.0,0.0,0.03100268729031086,0.010231496766209602
365,0,0.0,0.0,0.0,0.019541889429092407,0.02524608187377453,0.004580249544233084
366,0,0.0,0.0,0.10304779559373856,0.04072549566626549,0.0,0.02223847061395645
369,0,0.017921168357133865,0.019007937982678413,0.019565898925065994,0.012850157916545868,0.009985675103962421,0.012264059856534004
371,0,0.15919238328933716,0.07322586327791214,0.07050855457782745,0.027824711054563522,0.015493297949433327,0.009845268912613392
372,0,0.24836693704128265,0.23505795001983643,0.147256001830101,0.0,0.019902730360627174,0.0
374,0,0.0,0.0,0.0,0.0,0.0,0.0
375,0,0.0,0.0,0.0,0.19203148782253265,0.014905600808560848,0.010049485601484776
376,0,0.0,0.0,0.0,0.0,0.0,0.0
377,0,0.0,0.0,0.0,0.04005273059010506,0.02608875185251236,0.012102454900741577
378,0,0.0,0.0,0.0,0.00760560343042016,0.0,0.010283117182552814
379,0,0.0,0.0,0.043818213045597076,0.0,0.0,0.03796161338686943
380,0,0.2001631110906601,0.41046804189682007,0.19990810751914978,0.09274978935718536,0.013470458798110485,0.022373151034116745
381,0,0.0,0.0,0.0,0.0,0.0,0.006906872149556875
382,0,0.0,0.0,0.0,0.021795887500047684,0.0,0.0
383,0,0.0,0.13083936274051666,0.08488866686820984,0.0397055484354496,0.04690512642264366,0.00567740248516202
384,0,0.0,0.0,0.0,0.0,0.0,0.017242487519979477
385,0,0.0,0.0,0.0,0.0,0.005293743684887886,0.00628217589110136
387,0,0.0,0.0,0.0,0.0,0.0,0.0
388,0,0.0,0.0,0.0,0.05611909553408623,0.0,0.019383268430829048
390,0,0.0,0.0,0.0,0.0,0.04639536142349243,0.0
392,0,0.0,0.0,0.0,0.09275922179222107,0.0,0.032210156321525574
393,0,0.05668108910322189,0.04043562710285187,0.06763383001089096,0.01946185901761055,0.022975848987698555,0.008775760419666767
396,0,0.0,0.1402951031923294,0.03580523654818535,0.020171476528048515,0.0,0.021169284358620644
397,0,0.0,0.0,0.10997199267148972,0.0,0.01193399727344513,0.0077629368752241135
398,0,0.0,0.0,0.0,0.0,0.0,0.010778346098959446
399,0,0.0,0.0,0.20986895263195038,0.11950986832380295,0.04126898571848869,0.0
400,0,0.0,0.10532323271036148,0.01677742414176464,0.018554342910647392,0.010825986042618752,0.007986347191035748
401,0,0.0,0.0,0.0,0.0,0.0,0.0
403,0,0.0,0.0,0.03479132056236267,0.014061960391700268,0.012277703732252121,0.008534335531294346
404,0,0.0,0.0,0.0,0.04464682564139366,0.08289261907339096,0.010978221893310547
406,0,0.0,0.0,0.0,0.0,0.013501782901585102,0.0
407,0,0.0,0.0,0.0,0.0,0.030051501467823982,0.011404285207390785
408,0,0.0,0.0,0.0,0.011286173947155476,0.007566736079752445,0.0043824235908687115
409,0,0.0,0.0,0.0,0.0,0.010621667839586735,0.008150031790137291
410,0,0.15695954859256744,0.09683854877948761,0.0,0.029812300577759743,0.030556969344615936,0.015321076847612858
411,0,0.1791509985923767,0.15959930419921875,0.03880860656499863,0.03540627285838127,0.015260813757777214,0.016568876802921295
412,0,0.0,0.0,0.0,0.0,0.019056392833590508,0.013226166367530823
413,0,0.0,0.09976518899202347,0.079216368496418,0.019167287275195122,0.0,0.0
414,0,0.0,0.0,0.0,0.023146038874983788,0.015122158452868462,0.005750246811658144
415,0,0.0,0.0,0.0,0.0,0.02449926547706127,0.022184163331985474
416,0,0.0,0.0,0.053013529628515244,0.0,0.0,0.006908867042511702
417,0,0.0,0.11445925384759903,0.0,0.09383828938007355,0.014398275874555111,0.011297972872853279
418,0,0.0,0.2622476816177368,0.32421812415122986,0.0,0.33158203959465027,0.014701358042657375
420,0,0.0,0.0,0.06521551311016083,0.07251160591840744,0.011444922536611557,0.014047186821699142
421,0,0.0,0.0,0.0,0.0,0.02684757672250271,0.0
422,0,0.0,0.0,0.0,0.017037250101566315,0.011922033503651619,0.011028466746211052
423,0,0.0,0.0,0.0,0.058494485914707184,0.011603377759456635,0.00937833171337843
424,0,0.0,0.0,0.0,0.03389018774032593,0.02268633432686329,0.0067555783316493034
425,0,0.0,0.0,0.0,0.0,0.00910111516714096,0.02551458589732647
426,0,0.24553704261779785,0.25557467341423035,0.0,0.0,0.0,0.006273077335208654
427,0,0.0,0.0,0.0,0.0,0.0,0.0
428,0,0.3724110424518585,0.040056586265563965,0.027787471190094948,0.01398678869009018,0.007249315269291401,0.005719208158552647
430,0,0.06683728098869324,0.10567837953567505,0.13788625597953796,0.06907353550195694,0.020046716555953026,0.004415689501911402
431,0,0.0,0.0,0.06165919452905655,0.037802889943122864,0.03333670645952225,0.0036067005712538958
432,0,0.0,0.0,0.06097468361258507,0.0,0.0,0.0
433,0,0.0,0.0,0.0,0.03642770275473595,0.05200667306780815,0.03300630673766136
434,0,0.0,0.0,0.0,0.0,0.0,0.022007644176483154
436,0,0.2580644190311432,0.2663128077983856,0.10623469203710556,0.03887607529759407,0.05079203099012375,0.011686735786497593
437,0,0.0,0.0,0.0,0.11596082895994186,0.0,0.013213671743869781
438,0,0.0,0.0,0.0,0.03563356772065163,0.01571928709745407,0.010412895120680332
439,0,0.0,0.0,0.0,0.0,0.0,0.01819244958460331
440,0,0.0,0.0,0.0,0.057239968329668045,0.0,0.021999137476086617
441,0,0.0,0.0,0.0,0.0,0.0,0.0
442,0,0.0,0.0,0.12481436878442764,0.1675390601158142,0.06453555822372437,0.0
443,0,0.0,0.0,0.0,0.0,0.012957890518009663,0.010752365924417973
444,0,0.0,0.0,0.3537213206291199,0.1810121089220047,0.07170356065034866,0.05516800284385681
445,0,0.22001230716705322,0.21725177764892578,0.0,0.0,0.05160636082291603,0.017101190984249115
447,0,0.0,0.0,0.0,0.21009431779384613,0.0,0.011200915090739727
449,0,0.0,0.0,0.038395848125219345,0.036273472011089325,0.018637441098690033,0.009484149515628815
450,0,0.0,0.0,0.49345430731773376,0.0,0.021587958559393883,0.0
452,0,0.0,0.0,0.0,0.0,0.0,0.014523864723742008
453,0,0.0,0.0,0.0,0.0,0.007485939189791679,0.0
455,0,0.0,0.0,0.0,0.0,0.0,0.006074786651879549
456,0,0.0,0.0,0.0,0.0,0.012395775876939297,0.013488702476024628
457,0,0.0,0.0,0.05262341350317001,0.03704613447189331,0.02292998693883419,0.008936386555433273
458,0,0.08071267604827881,0.061746690422296524,0.0363939106464386,0.025850815698504448,0.01751081645488739,0.0048216963186860085
460,0,0.18729551136493683,0.0,0.027718432247638702,0.01662934571504593,0.01637856289744377,0.00670006824657321
461,0,0.0,0.0,0.07339172065258026,0.15290068089962006,0.0195654034614563,0.03268713131546974
462,0,0.0,0.0,0.0,0.04959626868367195,0.015732774510979652,0.014994277618825436
463,0,0.0,0.0,0.0,0.0,0.0,0.01363645400851965
464,0,0.0,0.03906656429171562,0.03774237632751465,0.01663965731859207,0.0,0.04661265388131142
465,0,0.0,0.0,0.21049366891384125,0.0,0.09377302974462509,0.0
466,0,0.0,0.0,0.0,0.0,0.16273139417171478,0.03287471458315849
467,0,0.0,0.0,0.06988990306854248,0.04425594583153725,0.0,0.012454517185688019
468,0,0.0,0.0,0.06842970848083496,0.020220354199409485,0.01918557472527027,0.007921183481812477
469,0,0.0,0.14708314836025238,0.1374160200357437,0.0,0.008788879960775375,0.008725278079509735
470,0,0.0,0.0,0.0,0.0,0.0,0.0
472,0,0.0,0.0,0.0,0.0,0.008124670013785362,0.0
473,0,0.0,0.0,0.02479867823421955,0.016379622742533684,0.009938540868461132,0.0
474,0,0.10633853077888489,0.34259819984436035,0.05669702589511871,0.056240253150463104,0.02937411516904831,0.009975024498999119
476,0,0.0,0.0,0.0,0.06562210619449615,0.012745661661028862,0.0
477,0,0.0,0.03490445017814636,0.06388479471206665,0.07815176248550415,0.0220809206366539,0.01912086084485054
478,0,0.0,0.0,0.0,0.18095149099826813,0.0,0.0
479,0,0.0,0.07753946632146835,0.039253730326890945,0.0,0.01900717057287693,0.03261633962392807
480,0,0.0,0.0,0.0,0.018633509054780006,0.011516916565597057,0.008425775915384293
481,0,0.0,0.0,0.0,0.039359789341688156,0.009090383537113667,0.006838968954980373
482,0,0.0,0.0,0.07600779086351395,0.02992609143257141,0.05704189091920853,0.01700626127421856
483,0,0.20061953365802765,0.0,0.0,0.030475251376628876,0.0,0.025425001978874207
484,0,0.11291216313838959,0.0,0.04047977924346924,0.036507368087768555,0.023435745388269424,0.015141434967517853
485,0,0.0,0.0,0.08830482512712479,0.0,0.012006384320557117,0.010191881097853184
487,0,0.0,0.0,0.03857012465596199,0.03355525806546211,0.030954604968428612,0.030613301321864128
488,0,0.0,0.0,0.0,0.0,0.02295311912894249,0.009299113415181637
489,0,0.0,0.0,0.0,0.07469162344932556,0.0,0.02310977131128311
490,0,0.0,0.0,0.0,0.0,0.0,0.0
492,0,0.0,0.0,0.0,0.0,0.023855019360780716,0.025307392701506615
493,0,0.0,0.0,0.07210250943899155,0.02128317765891552,0.01758880354464054,0.014337231405079365
494,0,0.0,0.0,0.12346739321947098,0.0,0.03991527855396271,0.042525842785835266
495,0,0.0,0.0,0.0,0.0,0.01535764615982771,0.0
496,0,0.17238645255565643,0.249254047870636,0.0,0.05767066031694412,0.13048198819160461,0.015224208123981953
498,0,0.2575361430644989,0.11586622148752213,0.058188360184431076,0.1263754814863205,0.035340551286935806,0.009195707738399506
499,0,0.1369979977607727,0.0,0.13444450497627258,0.02953190915286541,0.01279434747993946,0.008791334927082062
501,0,0.0,0.0,0.0,0.0,0.010205264203250408,0.0
502,0,0.0,0.3828909397125244,0.0,0.0,0.052458133548498154,0.0
503,0,0.0,0.0,0.02110857143998146,0.028240373358130455,0.022415366023778915,0.015363496728241444
504,0,0.0,0.0,0.0,0.030073318630456924,0.007743455469608307,0.007304574362933636
507,0,0.0,0.0,0.0,0.0,0.0,0.0
509,0,0.0791516825556755,0.055358849465847015,0.03553995490074158,0.025223350152373314,0.01714228093624115,0.006723029538989067
510,0,0.0,0.0,0.07836385071277618,0.0,0.014279183931648731,0.027365365996956825
511,0,0.0,0.13629907369613647,0.0,0.0,0.01133743580430746,0.023666145280003548
512,0,0.0,0.03146472945809364,0.05432109534740448,0.040633417665958405,0.030302125960588455,0.025849660858511925
513,0,0.05287463963031769,0.09168903529644012,0.07898150384426117,0.09049774706363678,0.13952019810676575,0.01024558674544096
514,0,0.30812254548072815,0.04900413751602173,0.03422946855425835,0.08968521654605865,0.06337102502584457,0.011252149939537048
515,0,0.0,0.0,0.0,0.11567705869674683,0.1226375550031662,0.04719790443778038
516,0,0.0,0.0,0.0,0.0,0.0,0.004877327475696802
517,0,0.0,0.0,0.0,0.0,0.0,0.0
518,0,0.0,0.0,0.0,0.0,0.008684061467647552,0.009495066478848457
519,0,0.0,0.22745703160762787,0.0,0.047658976167440414,0.05627769976854324,0.012752296403050423
520,0,0.04855279624462128,0.1112789735198021,0.036601513624191284,0.0,0.015057993121445179,0.01242962758988142
521,0,0.0,0.0,0.0,0.0,0.0,0.00515107112005353
522,0,0.0,0.0,0.07958827912807465,0.0,0.0608009435236454,0.012558702379465103
523,0,0.0,0.0,0.0,0.0,0.011224926449358463,0.01988503523170948
525,0,0.0,0.0,0.0,0.0,0.0,0.05410598963499069
526,0,0.0,0.0,0.0,0.0,0.044330716133117676,0.0344294048845768
527,0,0.0,0.0,0.0,0.0,0.0,0.013488291762769222
528,0,0.0,0.0,0.05046619474887848,0.0,0.034547265619039536,0.011504607275128365
529,0,0.0,0.018413959071040154,0.0124834468588233,0.050483863800764084,0.016054509207606316,0.013401241973042488
530,0,0.0,0.0,0.0,0.0,0.0,0.007019141223281622
531,0,0.0,0.0,0.0,0.0,0.0,0.0
534,0,0.0,0.0,0.07771463692188263,0.18078401684761047,0.06480344384908676,0.06989134848117828
535,0,0.0,0.0,0.0,0.03358352184295654,0.024655723944306374,0.005576222203671932
536,0,0.0,0.0,0.0,0.0,0.0,0.0
537,0,0.0,0.0,0.0,0.12452948838472366,0.03752255067229271,0.040299512445926666
539,0,0.0,0.0,0.07348976284265518,0.02675049938261509,0.02466307207942009,0.01647231914103031
540,0,0.0,0.0,0.061931729316711426,0.06587155908346176,0.02964828908443451,0.030182603746652603
541,0,0.0,0.0,0.0,0.0,0.0,0.02754107490181923
542,0,0.0,0.0,0.0,0.0,0.0,0.0
543,0,0.0,0.0,0.0,0.0,0.03542782738804817,0.011694399639964104
544,0,0.0,0.0,0.0368131548166275,0.026189792901277542,0.029029808938503265,0.02361183427274227
545,0,0.0,0.0911596417427063,0.03458038717508316,0.0,0.02173658087849617,0.03459295257925987
546,0,0.0,0.0,0.0,0.0,0.0,0.008332392200827599
547,0,0.0,0.03910845145583153,0.0,0.01620924100279808,0.016760585829615593,0.006614692509174347
548,0,0.0,0.0,0.0,0.0,0.011067613027989864,0.00875520333647728
549,0,0.0,0.0,0.0,0.1326477825641632,0.0,0.004639678169041872
550,0,0.0,0.0,0.0,0.0368870384991169,0.0,0.005620471201837063
551,0,0.0,0.0,0.018228815868496895,0.015891751274466515,0.026380937546491623,0.009305429644882679
552,0,0.0,0.0,0.0,0.0,0.03267977014183998,0.01886344887316227
553,0,0.0,0.0,0.0,0.0,0.056392885744571686,0.029397908598184586
554,0,0.0,0.0,0.0,0.0,0.019989460706710815,0.0
555,0,0.0,0.10580570250749588,0.0,0.1729646772146225,0.030271725729107857,0.0
556,0,0.0,0.12704351544380188,0.10784096270799637,0.11393490433692932,0.0551009438931942,0.020410025492310524
558,0,0.0,0.1320778876543045,0.060434889048337936,0.0,0.03628535568714142,0.013166231103241444
559,0,0.0,0.09830061346292496,0.1320088505744934,0.0,0.027126364409923553,0.031323447823524475
560,0,0.0,0.0,0.0,0.0,0.0,0.0048422119580209255
561,0,0.0,0.2347082942724228,0.1337098330259323,0.03236648812890053,0.04613857716321945,0.1269523799419403
562,0,0.0,0.0,0.0,0.0,0.0,0.0
563,0,0.0,0.0,0.0,0.03573419898748398,0.020595040172338486,0.028774406760931015
564,0,0.0,0.0,0.0,0.0,0.017020942643284798,0.011609799228608608
565,0,0.0,0.11637718230485916,0.06571085005998611,0.012094797566533089,0.009084577672183514,0.005147774238139391
566,0,0.08304984122514725,0.0,0.025419892743229866,0.019359596073627472,0.00984449777752161,0.004794470500200987
568,0,0.0,0.0,0.0,0.0,0.020175505429506302,0.017796868458390236
570,0,0.411234974861145,0.32371994853019714,0.08646675199270248,0.02066967822611332,0.01099377777427435,0.00580797903239727
571,0,0.0,0.0,0.0,0.04646027088165283,0.07005921751260757,0.01991361379623413
572,0,0.0,0.0,0.0,0.05895569175481796,0.015159479342401028,0.021566854789853096
573,0,0.0,0.2658546268939972,0.07679512351751328,0.0,0.0,0.018151799216866493
574,0,0.0,0.3363778591156006,0.0,0.0,0.05914736166596413,0.025948217138648033
575,0,0.0,0.0,0.11821352690458298,0.08690929412841797,0.05375303700566292,0.008642359636723995
576,0,0.04220134764909744,0.09097886085510254,0.02510087937116623,0.12204409390687943,0.043200526386499405,0.01639604941010475
577,0,0.0,0.0,0.056296251714229584,0.0,0.04747316986322403,0.034048326313495636
578,0,0.2614809572696686,0.09857656061649323,0.0,0.16400209069252014,0.014609010890126228,0.015157810412347317
579,0,0.0,0.0,0.08643632382154465,0.0,0.04439395293593407,0.0
580,0,0.0,0.0,0.0,0.1054135411977768,0.0,0.0
581,0,0.17323650419712067,0.19631050527095795,0.33987271785736084,0.04160570353269577,0.006807804573327303,0.00707791093736887
582,0,0.0,0.0,0.0,0.06133248656988144,0.0,0.04436903074383736
583,0,0.0,0.0,0.0,0.12271641939878464,0.04239613562822342,0.016311099752783775
584,0,0.0,0.0,0.0,0.0,0.0,0.0
586,0,0.0,0.0,0.0,0.0,0.0,0.0
587,0,0.0,0.0,0.0,0.08851204067468643,0.020837411284446716,0.06026366725564003
588,0,0.0,0.0,0.0,0.024796273559331894,0.04025043547153473,0.00611787149682641
589,0,0.0,0.0,0.19927972555160522,0.13721035420894623,0.032971709966659546,0.0
590,0,0.0,0.0,0.0,0.0,0.0,0.0
591,0,0.0,0.0,0.0,0.0,0.026262033730745316,0.005969697143882513
592,0,0.0,0.0,0.0,0.0,0.028589831665158272,0.014408080838620663
593,0,0.10245533287525177,0.04363143816590309,0.0,0.0,0.18782807886600494,0.023001160472631454
594,0,0.0,0.0,0.0,0.0,0.0,0.0076734889298677444
595,0,0.0,0.0,0.0,0.12011729180812836,0.18552720546722412,0.02922339178621769
596,0,0.0,0.0,0.0,0.0,0.03059174120426178,0.02428768202662468
597,0,0.0,0.0,0.0,0.0937083289027214,0.029604870826005936,0.00841014739125967
598,0,0.08133374899625778,0.0,0.056726887822151184,0.039819780737161636,0.03245643526315689,0.010913098230957985
599,0,0.0,0.0,0.0,0.0,0.031136387959122658,0.041185010224580765
600,0,0.08403061330318451,0.08414271473884583,0.04024668410420418,0.04315396398305893,0.02181033231317997,0.04904309660196304
601,0,0.0,0.0,0.05347142741084099,0.07062051445245743,0.032106366008520126,0.007831956259906292
602,0,0.0,0.0,0.0,0.0,0.0,0.022413179278373718
603,0,0.0,0.0,0.0,0.045614976435899734,0.027950730174779892,0.02653009258210659
604,0,0.11514972895383835,0.0,0.0,0.07585173100233078,0.040582556277513504,0.05243480205535889
605,0,0.0,0.0,0.24946105480194092,0.0,0.04278365895152092,0.025310512632131577
606,0,0.0,0.0,0.0,0.015284596011042595,0.0,0.005721616558730602
607,0,0.0,0.2134934514760971,0.16085532307624817,0.12578313052654266,0.1003950908780098,0.0
609,0,0.257161945104599,0.12210288643836975,0.19651861488819122,0.0399373434484005,0.036689527332782745,0.0
612,0,0.3274279534816742,0.07008498907089233,0.03997015580534935,0.01618204265832901,0.021308230236172676,0.010505779646337032
614,0,0.0,0.0,0.0,0.0,0.0,0.0
615,0,0.056103579699993134,0.0528654046356678,0.03047182597219944,0.0,0.011484256014227867,0.0
617,0,0.0,0.17544128000736237,0.2133476734161377,0.06608756631612778,0.03682864457368851,0.03727253898978233
618,0,0.0,0.0,0.0,0.10814139246940613,0.0,0.006973108276724815
619,0,0.0,0.0,0.0,0.02087482064962387,0.05993388965725899,0.008145678788423538
620,0,0.0,0.057615384459495544,0.0,0.05315794795751572,0.0,0.12185608595609665
621,0,0.0,0.0,0.0,0.054770804941654205,0.015417588874697685,0.0208723321557045
622,0,0.0,0.0,0.0,0.0,0.03139442950487137,0.0
623,0,0.0,0.0,0.0,0.025333445519208908,0.016542945057153702,0.02281026914715767
624,0,0.0,0.0,0.04340227693319321,0.0,0.024638693779706955,0.0
625,0,0.0,0.0,0.0,0.0,0.015096979215741158,0.0
626,0,0.0,0.0,0.0,0.0,0.0,0.01705176755785942
628,0,0.0,0.0,0.0,0.0,0.0,0.011039548553526402
629,0,0.0,0.0,0.6101819276809692,0.0,0.0,0.029716549441218376
630,0,0.0,0.0,0.0,0.0,0.0,0.007779283914715052
631,0,0.0,0.0,0.11759018152952194,0.0365476980805397,0.012122196145355701,0.006698928773403168
633,0,0.0,0.0,0.0,0.0,0.042493369430303574,0.011206449009478092
634,0,0.4854767322540283,0.6890932321548462,0.0,0.03284989669919014,0.026563460007309914,0.012483938597142696
636,0,0.0,0.0,0.0,0.05530278757214546,0.02406681329011917,0.01769852265715599
637,0,0.0,0.0,0.0,0.0,0.045200444757938385,0.0
638,0,0.0,0.046670038253068924,0.21899694204330444,0.058460086584091187,0.012558589689433575,0.010271345265209675
639,0,0.0,0.0,0.3977345824241638,0.04937636852264404,0.017918381839990616,0.01912594400346279
640,0,0.0,0.0,0.0,0.0,0.0,0.0
641,0,0.0,0.0,0.0669810101389885,0.0,0.0478883758187294,0.05483938753604889
642,0,0.0,0.22020940482616425,0.15991045534610748,0.032450396567583084,0.052463382482528687,0.022507337853312492
644,0,0.0,0.0,0.0735778734087944,0.22087502479553223,0.012081376276910305,0.004546932876110077
645,0,0.0,0.09779347479343414,0.0,0.03719782829284668,0.012934470549225807,0.01675611175596714
646,0,0.0,0.16000910103321075,0.10614238679409027,0.1281091570854187,0.016167746856808662,0.009175567887723446
647,0,0.0,0.0,0.0,0.0,0.0,0.0
649,0,0.0,0.0,0.08523884415626526,0.08590616285800934,0.026510940864682198,0.011546071618795395
650,0,0.0,0.0,0.0,0.0,0.013032427988946438,0.0
651,0,0.0,0.0,0.0,0.016963614150881767,0.0,0.02247997745871544
652,0,0.0,0.0,0.0,0.0,0.0,0.0
653,0,0.0,0.0,0.059043481945991516,0.0,0.0,0.01809914968907833
654,0,0.0,0.0,0.031545769423246384,0.017955249175429344,0.015779774636030197,0.005395831540226936
655,0,0.0,0.0,0.0,0.0,0.0,0.0
656,0,0.0,0.04421335831284523,0.031752392649650574,0.0895298421382904,0.03422170132398605,0.014388129115104675
657,0,0.0,0.0,0.0,0.03229232877492905,0.020675435662269592,0.01929520070552826
658,0,0.0,0.0,0.14268268644809723,0.14684006571769714,0.0,0.0
659,0,0.0,0.2761409282684326,0.10275419801473618,0.07225985080003738,0.0,0.02203017845749855
660,0,0.0,0.04458453133702278,0.0,0.0,0.0,0.01237738598138094
662,0,0.0,0.0,0.16449260711669922,0.050966762006282806,0.011150473728775978,0.011671481654047966
663,0,0.0,0.0,0.10545460134744644,0.0841560959815979,0.016444504261016846,0.0225909985601902
664,0,0.21812082827091217,0.09657857567071915,0.27247512340545654,0.012339437380433083,0.01268982607871294,0.010755659081041813
666,0,0.0,0.0,0.0,0.0,0.0,0.0
668,0,0.0,0.13049781322479248,0.09863300621509552,0.06893240660429001,0.023128673434257507,0.0140997851267457
670,0,0.0,0.0,0.0,0.03574389964342117,0.0,0.014737517572939396
671,0,0.0,0.0,0.0,0.0,0.049261339008808136,0.006597412750124931
672,0,0.0,0.0,0.08877366036176682,0.023996468633413315,0.04117247089743614,0.01750124990940094
673,0,0.0,0.0,0.0,0.0747082307934761,0.02974080853164196,0.04181855916976929
674,0,0.0,0.2165544182062149,0.14981161057949066,0.07035155594348907,0.030798450112342834,0.10069175809621811
675,0,0.0,0.0,0.21352124214172363,0.10517014563083649,0.01618351601064205,0.006940431892871857
677,0,0.0,0.0,0.0,0.12251602858304977,0.01669151894748211,0.003938052803277969
678,0,0.0,0.0,0.05100070312619209,0.028842385858297348,0.009872015565633774,0.014355985447764397
679,0,0.0,0.0,0.0,0.0,0.0,0.0
680,0,0.0,0.11205986887216568,0.05565275996923447,0.0,0.02833787351846695,0.00693514384329319
681,0,0.0,0.0,0.0,0.1782749891281128,0.023215599358081818,0.00536866020411253
682,0,0.0,0.0,0.0,0.034730102866888046,0.010457812808454037,0.040077321231365204
683,0,0.0,0.0,0.0,0.0,0.0,0.0
684,0,0.0,0.0,0.0,0.0,0.0,0.0
685,0,0.0,0.0,0.0,0.05968931317329407,0.041605666279792786,0.03593795374035835
687,0,0.06616635620594025,0.0,0.03323362395167351,0.008695963770151138,0.010412723757326603,0.00801533367484808
688,0,0.0,0.0,0.24309393763542175,0.06623432785272598,0.02870253287255764,0.0068464744836091995
689,0,0.0,0.0,0.0,0.0,0.0,0.0
690,0,0.0,0.48853111267089844,0.0,0.0,0.0,0.1071348711848259
691,0,0.0,0.0,0.05862392485141754,0.050437018275260925,0.024421345442533493,0.06841561943292618
693,0,0.2547207772731781,0.07068520039319992,0.05870712921023369,0.03896179795265198,0.02410891093313694,0.011978356167674065
694,0,0.0,0.0,0.06854601204395294,0.020413270220160484,0.011977934278547764,0.005422524642199278
695,0,0.0,0.0,0.0,0.0,0.013948174193501472,0.0
696,0,0.0,0.0,0.0,0.0,0.02748745121061802,0.028359394520521164
697,0,0.0,0.0,0.11901900172233582,0.029810085892677307,0.027937745675444603,0.007191799581050873
699,0,0.5797392725944519,0.6057754158973694,0.12979422509670258,0.042097460478544235,0.04886390268802643,0.01348415482789278
701,0,0.0,0.18433143198490143,0.0812474861741066,0.07421615719795227,0.017051376402378082,0.014615006744861603
702,0,0.0,0.0,0.0,0.05569781735539436,0.0,0.017259817570447922
703,0,0.0,0.0,0.0721285417675972,0.09627797454595566,0.028213370591402054,0.03439350798726082
704,0,0.0,0.0,0.0,0.0,0.0,0.0115733677521348
705,0,0.0,0.0,0.10995829105377197,0.027829406782984734,0.06021234020590782,0.01332090049982071
706,0,0.0,0.0,0.0,0.0,0.04000883921980858,0.010235827416181564
707,0,0.22421054542064667,0.18333353102207184,0.13540753722190857,0.08472464233636856,0.0576389841735363,0.040691688656806946
708,0,0.0,0.0,0.0,0.0,0.0,0.03559236600995064
710,0,0.0,0.0,0.0,0.016074519604444504,0.00735010951757431,0.007474441546946764
711,0,0.20159517228603363,0.1395433396100998,0.10642587393522263,0.03455481678247452,0.18384329974651337,0.021444912999868393
712,0,0.0,0.0,0.0,0.10164037346839905,0.053008805960416794,0.06274683773517609
713,0,0.0,0.0,0.01578298769891262,0.014058697037398815,0.03258270397782326,0.012038705870509148
714,0,0.0,0.20702601969242096,0.11373209208250046,0.043661948293447495,0.05435165390372276,0.007939320057630539
715,0,0.07420072704553604,0.07636044919490814,0.07263080030679703,0.031081587076187134,0.046703536063432693,0.01359101664274931
717,0,0.0,0.0,0.0,0.0,0.0,0.0
718,0,0.0,0.0,0.10999143868684769,0.0,0.00863413605839014,0.006981709972023964
719,0,0.0,0.0,0.15799489617347717,0.0,0.0,0.0
720,0,0.0,0.0,0.19620831310749054,0.018212679773569107,0.0,0.010789943858981133
721,0,0.0,0.0,0.0,0.0,0.0,0.013042408972978592
722,0,0.0,0.0,0.0,0.0,0.016103694215416908,0.03297019749879837
724,0,0.0,0.0,0.0,0.025319494307041168,0.0,0.034505244344472885
725,0,0.06073048710823059,0.04563178867101669,0.041060399264097214,0.06538724154233932,0.016422122716903687,0.006615938153117895
727,0,0.0,0.0,0.19393648207187653,0.07107889652252197,0.02291351556777954,0.023764243349432945
728,0,0.0,0.0,0.0,0.015718555077910423,0.008211184293031693,0.0
729,0,0.0,0.0,0.044471994042396545,0.07046155631542206,0.009237486869096756,0.005726543255150318
730,0,0.0,0.022485429421067238,0.0,0.0,0.02772204764187336,0.006273919716477394
731,0,0.0,0.0,0.0,0.0,0.0,0.0
732,0,0.0,0.0,0.0,0.09106725454330444,0.0,0.02340397797524929
733,0,0.0,0.07155162841081619,0.11448047310113907,0.052801940590143204,0.11474727839231491,0.028918955475091934
734,0,0.0,0.0,0.0,0.1274823695421219,0.0486578494310379,0.06649033725261688
735,0,0.0,0.0,0.0,0.0,0.018624329939484596,0.01203225925564766
736,0,0.0,0.0,0.0,0.0,0.016356976702809334,0.0
737,0,0.0,0.0,0.0,0.0,0.029876381158828735,0.012827190570533276
738,0,0.0,0.0,0.0,0.0,0.0,0.0
739,0,0.0,0.0,0.0,0.049353308975696564,0.0,0.0
740,0,0.0,0.0,0.0,0.07114268094301224,0.019032655283808708,0.0
741,0,0.0,0.0,0.0,0.0,0.02562806010246277,0.0
742,0,0.18976306915283203,0.13010114431381226,0.07020468264818192,0.20574058592319489,0.18237407505512238,0.01196447666734457
743,0,0.0,0.0,0.0,0.13765819370746613,0.04897382855415344,0.013976470567286015
744,0,0.0,0.0,0.0916421189904213,0.0,0.03897637501358986,0.020247630774974823
745,0,0.0,0.0,0.0,0.0,0.0,0.0
746,0,0.1577080935239792,0.07978899776935577,0.06788357347249985,0.10967769473791122,0.029533199965953827,0.013468049466609955
748,0,0.0,0.0,0.0,0.019150419160723686,0.008118369616568089,0.005633651744574308
749,0,0.0,0.0,0.0,0.048554953187704086,0.03157972916960716,0.03209168463945389
753,0,0.0,0.0,0.0,0.0,0.0,0.07975452393293381
754,0,0.0,0.07270869612693787,0.056313205510377884,0.07733825594186783,0.01067386008799076,0.03750893846154213
755,0,0.0,0.0,0.0,0.0,0.0,0.0
756,0,0.0,0.06137033551931381,0.0874551311135292,0.01513506006449461,0.031071139499545097,0.00928144995123148
757,0,0.0,0.21946296095848083,0.16767990589141846,0.022854119539260864,0.003568435087800026,0.006956453900784254
758,0,0.0,0.0,0.0,0.0,0.0,0.0
759,0,0.0,0.0,0.0,0.0,0.0,0.0
760,0,0.0,0.0,0.052948009222745895,0.023730693385004997,0.011009621433913708,0.012076294980943203
761,0,0.0,0.12470344454050064,0.07543288916349411,0.0,0.0758969709277153,0.02633083239197731
762,0,0.0,0.0,0.16336840391159058,0.0,0.0,0.020656056702136993
763,0,0.1292285919189453,0.1568673849105835,0.22383736073970795,0.0850023627281189,0.04202694073319435,0.012796474620699883
764,0,0.0,0.15461447834968567,0.038897447288036346,0.011760305613279343,0.0068909418769180775,0.008733754977583885
765,0,0.18610067665576935,0.09440148621797562,0.06352823227643967,0.017356611788272858,0.009595116600394249,0.018842043355107307
766,0,0.0,0.0,0.0,0.0,0.04131075367331505,0.015313209965825081
768,0,0.0,0.0,0.0,0.01059566717594862,0.012886139564216137,0.007756450213491917
769,0,0.0,0.0,0.0,0.023920446634292603,0.009396775625646114,0.012037333101034164
770,0,0.2131393402814865,0.13659806549549103,0.07967701554298401,0.04316921532154083,0.06491734832525253,0.011764723807573318
771,0,0.0,0.0,0.0,0.0,0.05951768904924393,0.0
772,0,0.0,0.0,0.0,0.0,0.0,0.0
773,0,0.0,0.0,0.0,0.0,0.0,0.0
774,0,0.0,0.0,0.0,0.05556491017341614,0.016795387491583824,0.010434339754283428
775,0,0.055216122418642044,0.06197487562894821,0.03710401803255081,0.045833226293325424,0.19942328333854675,0.10255683958530426
776,0,0.0,0.0,0.0706840232014656,0.027970654889941216,0.0,0.007352213840931654
777,0,0.11949867010116577,0.033433131873607635,0.021592991426587105,0.02596019208431244,0.005931346211582422,0.004066315945237875
779,0,0.0,0.0,0.0,0.0,0.017491420730948448,0.0
780,0,0.0,0.0,0.0,0.021099001169204712,0.01926538348197937,0.005441468674689531
783,0,0.0,0.0,0.05730598792433739,0.2520095407962799,0.022655071690678596,0.008819842711091042
784,0,0.0,0.0,0.0,0.0,0.0214606411755085,0.028456980362534523
787,0,0.0,0.0,0.0,0.0,0.0,0.0114898094907403
790,0,0.0,0.0,0.0,0.0,0.1351528763771057,0.025964558124542236
792,0,0.0,0.15662838518619537,0.08462805300951004,0.07103588432073593,0.009335647337138653,0.018190238624811172
794,0,0.13866709172725677,0.14008767902851105,0.041463907808065414,0.07883959263563156,0.01939121074974537,0.052283257246017456
795,0,0.0,0.0,0.08318668603897095,0.050377387553453445,0.018967371433973312,0.020457174628973007
796,0,0.0,0.0,0.0,0.0,0.0,0.0
797,0,0.0,0.0,0.0,0.0,0.03663800656795502,0.0
798,0,0.0,0.0,0.24141165614128113,0.5060903429985046,0.03924865275621414,0.011833076365292072
799,0,0.0,0.0,0.0,0.0,0.0915650725364685,0.00694669084623456
800,0,0.07416687905788422,0.13288584351539612,0.11251199245452881,0.039044562727212906,0.01021354179829359,0.014759667217731476
801,0,0.0,0.0,0.0,0.07514714449644089,0.015463854186236858,0.006707165390253067
802,0,0.4568253457546234,0.0,0.0,0.0,0.007303181570023298,0.012084823101758957
803,0,0.1635536402463913,0.2109362930059433,0.07337071746587753,0.06947506219148636,0.022984705865383148,0.010382906533777714
804,0,0.0,0.0,0.0,0.0,0.0545961856842041,0.0
805,0,0.0,0.06346523016691208,0.05155528709292412,0.03969312459230423,0.02081865444779396,0.06751150637865067
806,0,0.17390288412570953,0.05669185146689415,0.07441680133342743,0.019970737397670746,0.026583557948470116,0.018859494477510452
808,0,0.19293636083602905,0.15007056295871735,0.1470058411359787,0.03936300426721573,0.01357956975698471,0.014348291791975498
809,0,0.0,0.0,0.09763649106025696,0.0,0.031241947785019875,0.012960197404026985
810,0,0.0,0.0,0.30646786093711853,0.0,0.0,0.0
812,0,0.0,0.0,0.08856023102998734,0.0,0.03866184502840042,0.025902139022946358
813,0,0.0,0.0579780712723732,0.04715203493833542,0.08037674427032471,0.023644933477044106,0.018854796886444092
814,0,0.0,0.0,0.08797482401132584,0.0,0.00721018249168992,0.0
815,0,0.0,0.0,0.01793779991567135,0.008961322717368603,0.005361116491258144,0.005989343859255314
816,0,0.0,0.0,0.0,0.0,0.021119268611073494,0.0
817,0,0.0,0.0,0.0,0.0,0.0342920683324337,0.015896862372756004
818,0,0.0,0.0,0.0,0.02885856293141842,0.026712151244282722,0.009717595763504505
819,0,0.0,0.0,0.0,0.0,0.0,0.0
821,0,0.0,0.0,0.021380050107836723,0.015101488679647446,0.03139220550656319,0.011791983619332314
822,0,0.0,0.0,0.028206920251250267,0.033957481384277344,0.015378997661173344,0.014756684191524982
823,0,0.0,0.0,0.0,0.0,0.005243933759629726,0.00460365554317832
824,0,0.0,0.0,0.0,0.0,0.011829438619315624,0.00878081563860178
825,0,0.0,0.0,0.0,0.17240513861179352,0.14083783328533173,0.015872448682785034
826,0,0.0,0.0,0.07940130680799484,0.05486925691366196,0.03957606852054596,0.010739665478467941
827,0,0.0,0.0,0.0,0.0,0.01676139049232006,0.008152524009346962
828,0,0.13859470188617706,0.09063738584518433,0.14426803588867188,0.051493532955646515,0.03810127452015877,0.0069443099200725555
830,0,0.0,0.0,0.0,0.0,0.01624106988310814,0.03078012354671955
831,0,0.0,0.0,0.0,0.0,0.023837018758058548,0.005767829716205597
832,0,0.0,0.0,0.0,0.022751709446310997,0.0,0.007989567704498768
833,0,0.0,0.0,0.0,0.0,0.0,0.018461979925632477
834,0,0.0,0.0,0.0,0.022242095321416855,0.01480096485465765,0.014517153613269329
835,0,0.0,0.0,0.0,0.31031617522239685,0.04513107240200043,0.026073094457387924
836,0,0.0,0.0,0.0958729088306427,0.057334888726472855,0.028791697695851326,0.02158350683748722
837,0,0.0,0.0,0.0,0.06509901583194733,0.0,0.0
838,0,0.0,0.0,0.0,0.0,0.0,0.0
839,0,0.0,0.0,0.0,0.0,0.0,0.0
840,0,0.0,0.19265609979629517,0.14359736442565918,0.06815677136182785,0.023314064368605614,0.02928731217980385
841,0,0.27532196044921875,0.24985596537590027,0.24579322338104248,0.10972920060157776,0.11222320050001144,0.044489577412605286
842,0,0.06672675907611847,0.054847344756126404,0.033311404287815094,0.14060890674591064,0.02643943950533867,0.006624109111726284
843,0,0.0,0.0,0.0,0.0,0.0,0.0
844,0,0.0,0.0,0.0,0.034204259514808655,0.19203594326972961,0.012128608301281929
845,0,0.0,0.0,0.09112673252820969,0.03110422007739544,0.05394523963332176,0.011841999366879463
847,0,0.0,0.0,0.0,0.036934636533260345,0.018870610743761063,0.010026926174759865
848,0,0.0,0.0,0.0,0.04494255408644676,0.04419027641415596,0.0
849,0,0.0,0.1265830397605896,0.2416374683380127,0.09789043664932251,0.027184251695871353,0.06501076370477676
850,0,0.0,0.03461267426609993,0.03436170145869255,0.056837745010852814,0.025411097332835197,0.009738536551594734
851,0,0.0,0.0,0.0,0.0,0.0,0.018789928406476974
852,0,0.0,0.0,0.0,0.0,0.0,0.030284734442830086
853,0,0.0,0.0,0.22666260600090027,0.0,0.010161912068724632,0.01145759504288435
854,0,0.0,0.0,0.0,0.0,0.0,0.0
855,0,0.0,0.0,0.024337366223335266,0.016017163172364235,0.0,0.00508770439773798
856,0,0.0,0.0,0.0,0.01866634376347065,0.013133544474840164,0.006914766505360603
857,0,0.0,0.0,0.18081310391426086,0.08311371505260468,0.0813300833106041,0.01961694285273552
858,0,0.0,0.0,0.0,0.0,0.0,0.0
859,0,0.0,0.0,0.0,0.0,0.027829410508275032,0.011434369720518589
860,0,0.0,0.0,0.0,0.0,0.012650052085518837,0.01034914143383503
861,0,0.0,0.0,0.0,0.0,0.0,0.01654190942645073
862,0,0.2717539072036743,0.14114777743816376,0.027831079438328743,0.04652967303991318,0.015750480815768242,0.01616503857076168
863,0,0.23618832230567932,0.0,0.0,0.0,0.0,0.047303568571805954
866,0,0.0,0.0,0.0,0.052237480878829956,0.006734979804605246,0.00791214406490326
867,0,0.0,0.0,0.04155873879790306,0.03323230892419815,0.02180889993906021,0.017224518582224846
868,0,0.0,0.0,0.0,0.0,0.0,0.0
869,0,0.0,0.08392414450645447,0.15314488112926483,0.020454522222280502,0.013385173864662647,0.00814195815473795
870,0,0.0,0.0,0.16625836491584778,0.0,0.007003835402429104,0.008785279467701912
871,0,0.0,0.0,0.10533241927623749,0.021818067878484726,0.01789862848818302,0.01499719638377428
872,0,0.07940393686294556,0.06105465069413185,0.05261477828025818,0.17050166428089142,0.0374004952609539,0.01787198893725872
873,0,0.0,0.040627460926771164,0.0971241220831871,0.042323339730501175,0.015097890049219131,0.01058391947299242
876,0,0.0,0.0,0.06956838071346283,0.04194219037890434,0.05917225405573845,0.027496417984366417
877,0,0.0,0.0,0.0,0.1150142177939415,0.13714051246643066,0.018782420083880424
879,0,0.0,0.0,0.08584485203027725,0.0,0.0,0.0
880,0,0.0,0.0,0.0,0.0,0.0,0.0
881,0,0.0,0.0,0.0,0.0,0.1059727743268013,0.0
882,0,0.0,0.1008811667561531,0.1850942224264145,0.01964758150279522,0.02311183325946331,0.007725787349045277
883,0,0.07526315003633499,0.0,0.01822970062494278,0.01743675209581852,0.009040449745953083,0.014271247200667858
884,0,0.0,0.09165149182081223,0.10685587674379349,0.15333782136440277,0.018808849155902863,0.03309299051761627
885,0,0.0,0.0,0.0,0.0,0.0,0.0
886,0,0.0,0.0,0.0,0.0,0.11063871532678604,0.009340004995465279
887,0,0.0,0.0,0.0,0.025775538757443428,0.020769597962498665,0.013606980443000793
888,0,0.08008024841547012,0.10550624132156372,0.07685886323451996,0.02975935861468315,0.010131475515663624,0.0071485573425889015
889,0,0.0,0.0,0.0,0.0,0.0,0.018036674708127975
890,0,0.0,0.11877719312906265,0.07340996712446213,0.0,0.010932124219834805,0.014658250845968723
892,0,0.0,0.0,0.0,0.0,0.0,0.009926458820700645
893,0,0.0,0.0,0.0,0.0,0.0,0.005944741424173117
894,0,0.0,0.0,0.43221837282180786,0.0,0.022232789546251297,0.018125921487808228
895,0,0.0,0.06606321036815643,0.04851946234703064,0.05848413705825806,0.012829762883484364,0.006999369710683823
896,0,0.04957476258277893,0.03455681726336479,0.012480963952839375,0.010384281165897846,0.013684608042240143,0.004729288164526224
897,0,0.0,0.0,0.0,0.0,0.0,0.0
899,0,0.0,0.0,0.09337351471185684,0.0,0.05649067088961601,0.008543816395103931
900,0,0.0,0.0,0.0,0.054992660880088806,0.013822991400957108,0.007481284439563751
901,0,0.0,0.0,0.0,0.0,0.046120934188365936,0.04888984560966492
902,0,0.0,0.0,0.09103277325630188,0.02841135673224926,0.046878933906555176,0.014345621690154076
903,0,0.0,0.0,0.0,0.04903116077184677,0.01228161621838808,0.02336394414305687
905,0,0.0,0.0,0.07647701352834702,0.08475202322006226,0.02469111606478691,0.00909530557692051
906,0,0.0,0.08850704878568649,0.03631865233182907,0.09139613807201385,0.02267073467373848,0.00819310825318098
907,0,0.0,0.0,0.0,0.0,0.0,0.0
908,0,0.0,0.0,0.0,0.18324442207813263,0.039762675762176514,0.014283658005297184
909,0,0.0,0.0,0.0,0.018166333436965942,0.0,0.0
910,0,0.0,0.12662436068058014,0.13815967738628387,0.024781905114650726,0.013718084432184696,0.011350526474416256
911,0,0.0,0.0,0.0,0.018287265673279762,0.0,0.04415834695100784
912,0,0.0,0.0,0.0,0.0,0.011296207085251808,0.0
913,0,0.0,0.0,0.1928718239068985,0.1079750806093216,0.051665663719177246,0.0364622063934803
914,0,0.0,0.0,0.0,0.0,0.023746563121676445,0.012842992320656776
915,0,0.0,0.0,0.2034783512353897,0.09101197123527527,0.0,0.0
916,0,0.3439832925796509,0.17142069339752197,0.0,0.01480070874094963,0.01092139258980751,0.007909364998340607
917,0,0.0,0.0,0.0,0.0,0.0,0.0
918,0,0.0,0.0,0.0,0.05369555205106735,0.02013852633535862,0.0
919,0,0.0,0.0,0.0,0.0,0.0,0.0
920,0,0.0,0.0,0.05008046329021454,0.01160367764532566,0.01427689753472805,0.011067366227507591
921,0,0.06035520136356354,0.3710862994194031,0.01370991114526987,0.019779564812779427,0.015545519068837166,0.007024289108812809
922,0,0.0,0.224683940410614,0.3302876055240631,0.14163237810134888,0.16363804042339325,0.05051570385694504
924,0,0.0,0.09226109832525253,0.01738501526415348,0.01003972440958023,0.004265415482223034,0.006113795563578606
925,0,0.0,0.0,0.07900150120258331,0.02130691148340702,0.015122971497476101,0.008904476650059223
926,0,0.0,0.0,0.1171223372220993,0.11711049824953079,0.040305670350790024,0.014992565847933292
927,0,0.0,0.0,0.0,0.08327231556177139,0.0366334430873394,0.013151838444173336
928,0,0.0,0.0,0.0,0.0,0.0548105388879776,0.0
929,0,0.0,0.0,0.0,0.0485929474234581,0.007945504039525986,0.011994238011538982
930,0,0.0,0.0,0.0,0.0,0.021981431171298027,0.017339589074254036
931,0,0.0,0.0,0.0,0.021350428462028503,0.02449289709329605,0.005051520187407732
932,0,0.0,0.0,0.0,0.018047206103801727,0.007123566698282957,0.009189399890601635
933,0,0.0,0.0,0.0,0.0,0.0,0.0
934,0,0.0,0.03931150212883949,0.05947864428162575,0.014515455812215805,0.04082368686795235,0.008091705851256847
935,0,0.0,0.0,0.0,0.06397680938243866,0.0,0.011183694936335087
936,0,0.0,0.0,0.0,0.046594250947237015,0.04050549864768982,0.00924037303775549
937,0,0.0,0.0,0.0,0.0,0.0,0.0
938,0,0.0,0.0,0.0,0.0,0.0,0.0
940,0,0.0,0.0,0.0,0.0,0.18162000179290771,0.0547337532043457
941,0,0.0,0.0,0.07708313316106796,0.011176814325153828,0.0,0.005976314656436443
942,0,0.0,0.0,0.0,0.03014347143471241,0.035802870988845825,0.015304725617170334
943,0,0.0,0.0,0.0,0.0,0.03293197602033615,0.017471788451075554
944,0,0.0,0.0,0.0,0.03893214091658592,0.06207519769668579,0.04116735979914665
945,0,0.0,0.11872231215238571,0.0,0.0,0.01698983833193779,0.005898956675082445
946,0,0.02287614345550537,0.0,0.016788871958851814,0.03876662626862526,0.010233542881906033,0.006911165080964565
947,0,0.0,0.0,0.0,0.03728703409433365,0.0,0.0
948,0,0.04355386644601822,0.05132181569933891,0.02284671925008297,0.009286764077842236,0.022425910457968712,0.006542010232806206
950,0,0.11535952985286713,0.0360226184129715,0.09010860323905945,0.019964993000030518,0.011654692701995373,0.0094356220215559
951,0,0.0,0.0,0.0,0.03980991616845131,0.009130802936851978,0.01195653434842825
952,0,0.0,0.0,0.09903251379728317,0.01650150865316391,0.018745694309473038,0.020627083256840706
953,0,0.0,0.0,0.10261660069227219,0.0,0.024771496653556824,0.0
954,0,0.0,0.0,0.0,0.0,0.029443057253956795,0.0
955,0,0.0,0.0,0.0,0.0,0.020688943564891815,0.02273721806704998
956,0,0.0,0.0,0.0,0.0,0.0,0.011195192113518715
958,0,0.03459056094288826,0.13223755359649658,0.041470717638731,0.11331964284181595,0.04635625332593918,0.016982734203338623
959,0,0.0,0.0,0.08477076888084412,0.10250301659107208,0.1719202697277069,0.08803924918174744
960,0,0.0,0.0,0.0,0.0,0.01279320940375328,0.0
961,0,0.0,0.0,0.0,0.13033424317836761,0.014243698678910732,0.012873117811977863
962,0,0.0,0.0,0.0,0.0,0.0,0.0
963,0,0.5116251707077026,0.0,0.08419515192508698,0.09578252583742142,0.0543983168900013,0.018164556473493576
964,0,0.0,0.10846391320228577,0.0,0.0,0.019992537796497345,0.0
965,0,0.0,0.0,0.0,0.0,0.021969297900795937,0.012674477882683277
966,0,0.0,0.0,0.0,0.01988094672560692,0.023914014920592308,0.012007296085357666
967,0,0.0,0.08771537244319916,0.0,0.0341818705201149,0.013059577904641628,0.010026915930211544
969,0,0.29946812987327576,0.10219835489988327,0.037338461726903915,0.047421522438526154,0.055911798030138016,0.04381820559501648
970,0,0.0,0.0,0.4110511541366577,0.10255333036184311,0.02023635059595108,0.0
971,0,0.0,0.0,0.0,0.0,0.0,0.016151277348399162
972,0,0.0,0.0,0.0,0.0,0.01654605194926262,0.011631624773144722
973,0,0.0,0.0,0.0,0.0,0.0,0.0
974,0,0.08053258806467056,0.0,0.0,0.0,0.0,0.09395865350961685
975,0,0.0,0.0,0.2464294731616974,0.10244867950677872,0.02479431964457035,0.01744230091571808
977,0,0.0,0.0,0.0,0.016315985471010208,0.009185025468468666,0.00905599631369114
978,0,0.0,0.0,0.12154680490493774,0.0,0.06102139875292778,0.047874968498945236
979,0,0.0,0.0,0.11613371968269348,0.03509736806154251,0.013141624629497528,0.006701174657791853
980,0,0.0,0.4393596649169922,0.14919902384281158,0.15591031312942505,0.017404213547706604,0.04241688922047615
981,0,0.0,0.0,0.0,0.0,0.02672262117266655,0.008629368618130684
982,0,0.0,0.0,0.0,0.0,0.0,0.0
983,0,0.0,0.0,0.0,0.0,0.0,0.0
984,0,0.0,0.11469686031341553,0.0,0.048394575715065,0.0,0.014055202715098858
985,0,0.11702995747327805,0.06917691230773926,0.15088175237178802,0.01399224903434515,0.00638424651697278,0.011202274821698666
987,0,0.0,0.0,0.0,0.07707619667053223,0.04161912947893143,0.0
988,0,0.0,0.0,0.2446252852678299,0.0,0.015556839294731617,0.0
989,0,0.0,0.0,0.0,0.0,0.07014051079750061,0.01971956342458725
990,0,0.0,0.0,0.0,0.0,0.0,0.0
991,0,0.0,0.0,0.14419004321098328,0.0,0.015634845942258835,0.008419087156653404
992,0,0.0,0.0,0.0,0.03134707733988762,0.020761670544743538,0.014760185964405537
994,0,0.0,0.0,0.0,0.0,0.0,0.005889014340937138
995,0,0.0,0.02356448583304882,0.028815781697630882,0.007874938659369946,0.009395203553140163,0.031039150431752205
996,0,0.0,0.0,0.0,0.02613300085067749,0.01095404289662838,0.013611674308776855
998,0,0.0,0.0,0.0,0.014922975562512875,0.0,0.012718708254396915
999,0,0.0,0.0,0.0,0.19749867916107178,0.0,0.009949713945388794
