,Epsilon 1,Epsilon 2,Epsilon 4,Epsilon 6,Epsilon 8,Epsilon 10
0,0.0,0.0,0.0,0.0,0.0,0.0
1,0.0,0.0,0.0,0.0,0.0,0.0
2,0.4809233844280243,0.39149799942970276,0.16380679607391357,0.15798702836036682,0.038324981927871704,0.0
3,0.0,0.10144813358783722,0.0,0.0,0.0,0.0
4,0.0,0.0,0.0,0.0,0.0,0.0
5,0.0,0.0,0.0,0.0,0.0,0.0
6,0.0,0.0,0.0,0.0,0.0,0.0
7,0.0,0.0,0.0,0.0,0.0,0.0
8,0.0,0.0,0.0,0.0,0.0,0.0
9,0.0,0.0,0.0,0.0,0.0,0.0
10,0.2545819878578186,0.06069743633270264,0.0,0.0,0.0,0.0
11,0.4281512498855591,0.8513040542602539,0.5023316144943237,0.17219261825084686,0.03871920332312584,0.0
12,0.0,0.0,0.0,0.0,0.0,0.15458746254444122
13,0.0,0.0,0.0,0.0,0.0,0.0
14,0.0,0.0,0.0,0.0,0.0,0.0
15,0.0,0.0,0.0,0.0,0.0,0.0
16,0.0,0.0,0.0,0.0,0.0,0.0
17,0.0,0.0,0.0,0.0,0.0,0.0
18,0.0,0.0,0.0,0.0,0.0,0.0
19,0.0,0.0,0.0,0.0,0.0,0.0
20,0.0,0.0,0.0,0.0,0.0,0.0
21,0.0,0.0,0.0,0.0,0.0,0.0
22,0.16272327303886414,0.1799589991569519,0.1831829845905304,0.0,0.0,0.0
23,0.0,0.0,0.0,0.0,0.0,0.0
24,0.0,0.0,0.0,0.0,0.0,0.0
25,0.039979733526706696,0.0,0.0,0.0,0.0,0.0
26,0.0,0.0,0.0,0.0,0.0,0.0
27,0.0,0.2347976714372635,0.09450697153806686,0.0,0.0,0.0
28,0.39545711874961853,0.48696205019950867,0.34703776240348816,0.3266626298427582,0.0,0.2974710166454315
29,0.0,0.1338522732257843,0.0,0.0,0.0,0.0
30,0.0,0.0,0.0,0.0,0.0,0.0
31,0.10520194470882416,0.0,0.10244081914424896,0.0,0.0,0.0
32,0.0,0.0,0.0,0.0,0.0,0.0
33,0.0,0.14011426270008087,0.22417056560516357,0.19832618534564972,0.1334524154663086,0.0
34,0.0,0.0,0.0,0.0,0.0,0.0
35,0.0,0.0,0.0,0.0,0.0,0.0
36,0.0,0.0,0.0,0.0,0.0,0.0
37,0.0,0.0,0.0,0.04295337200164795,0.03343886137008667,0.0
38,0.0,0.0,0.0,0.0,0.0,0.0
39,0.0,0.09522929042577744,0.09592487663030624,0.0,0.12484507262706757,0.0
40,0.0,0.0,0.0,0.0,0.0,0.0
41,0.0,0.0,0.0,0.0,0.0,0.0
42,0.0,0.0,0.0,0.0,0.0,0.0
43,0.0,0.0,0.0,0.0,0.0,0.0
44,0.38853082060813904,0.2963358759880066,0.5336703062057495,0.22242875397205353,0.10712934285402298,0.11232758313417435
45,0.0,0.0,0.0,0.0,0.0,0.0
46,0.07332299649715424,0.0,0.0,0.0,0.0,0.0
47,0.0,0.0,0.0,0.0,0.0,0.0
48,0.0,0.0,0.0,0.0,0.0,0.0
49,0.0,0.0,0.0,0.0,0.0,0.0
50,0.0,0.0,0.0,0.0,0.28997310996055603,0.0
51,0.0,0.0,0.0,0.0,0.0,0.0
52,0.19442540407180786,0.0,0.0,0.0,0.0,0.09205670654773712
53,0.0,0.0,0.29803505539894104,0.0,0.0,0.0
54,0.0,0.0,0.0,0.0,0.0,0.0
55,0.0,0.0,0.0,0.0,0.0,0.0
56,0.0,0.0,0.0,0.0,0.0,0.0
57,0.0,0.0,0.0,0.0,0.0,0.0
58,0.2578938901424408,0.2973169982433319,0.1151382103562355,0.11679266393184662,0.1382649540901184,0.08470176160335541
59,0.0,0.0,0.0,0.0,0.0,0.0
60,0.7613145112991333,0.700410008430481,0.23324762284755707,0.28959739208221436,0.3351325988769531,0.32249757647514343
61,0.0,0.0,0.0,0.0,0.0,0.0
62,0.0,0.0,0.0,0.0,0.0,0.0
63,0.0,0.0,0.0,0.0,0.0,0.0
64,0.0,0.0,0.0,0.0,0.0,0.0
65,0.0,0.0,0.0,0.0,0.0,0.0
66,0.0,0.0,0.0,0.0,0.0,0.0
67,0.0,0.0,0.0,0.0,0.0,0.0
68,0.0,0.0,0.0,0.0,0.0,0.0
69,0.0,0.0,0.0,0.0,0.0,0.0
70,0.0,0.0,0.0,0.0,0.0,0.0
71,0.0,0.0,0.0,0.0,0.0,0.0
72,0.4767916202545166,0.3415374457836151,0.0,0.23523275554180145,0.0,0.0
73,0.0,0.0,0.0,0.0,0.0,0.0
74,0.0,0.0,0.0,0.0,0.10981786251068115,0.0
75,0.38969627022743225,0.21784649789333344,0.0,0.16634626686573029,0.19133077561855316,0.12155278027057648
76,0.0,0.0,0.0,0.0,0.0,0.0
77,0.1812603622674942,0.0,0.0,0.0,0.0,0.0
78,0.38001319766044617,0.08536315709352493,0.054156869649887085,0.1392577588558197,0.07759235054254532,0.07348324358463287
79,0.0771321952342987,0.0,0.0,0.0,0.0,0.0
80,0.0,0.0,0.0,0.0,0.0,0.0
81,0.0,0.0,0.0,0.0,0.0,0.0
82,0.0,0.0,0.0,0.0,0.0,0.0
83,0.0,0.0,0.0,0.0,0.0,0.0
84,0.07753309607505798,0.0,0.0,0.0,0.0,0.0
85,0.07020127028226852,0.2868020236492157,0.0,0.28605785965919495,0.0,0.0
86,0.0728355199098587,0.0,0.0,0.0,0.0,0.0
87,0.0,0.0,0.0,0.0,0.0,0.19945751130580902
88,0.2100643515586853,0.25074538588523865,0.0,0.14919643104076385,0.0,0.0
89,0.0,0.0,0.0,0.0,0.0,0.0
90,0.0,0.0,0.0,0.0,0.0,0.0
91,0.17268027365207672,0.0,0.0,0.0,0.0,0.0
92,0.0,0.0,0.0,0.0,0.0,0.0
93,0.0,0.0,0.0,0.0,0.0,0.0
94,0.5975428819656372,0.5453402996063232,0.20849478244781494,0.534052848815918,0.6462306976318359,0.3065393567085266
95,0.0,0.0,0.0,0.0,0.0,0.0
96,0.06946350634098053,0.06875517219305038,0.32100340723991394,0.14650624990463257,0.13399656116962433,0.0
97,0.0,0.0,0.13276846706867218,0.09967755526304245,0.18304111063480377,0.1136913150548935
98,0.0,0.0,0.0,0.0,0.0,0.0
99,0.5487305521965027,0.0,0.0,0.0,0.11275240778923035,0.39490586519241333
100,0.0,0.0,0.0,0.0,0.0,0.0
101,0.0,0.0,0.0,0.0,0.0,0.0
102,0.15375065803527832,0.0,0.0,0.0,0.0,0.0
103,0.2436751276254654,0.1959296315908432,0.3244119882583618,0.4845673441886902,0.3933063745498657,0.41612306237220764
104,0.0,0.0,0.0,0.0,0.0,0.0
105,0.0,0.0,0.0,0.0,0.0,0.0
106,0.0,0.0,0.0,0.0,0.0,0.0
107,0.0,0.0,0.0,0.0,0.0,0.0
108,0.0,0.20441868901252747,0.15803302824497223,0.21716289222240448,0.3310111165046692,0.33837345242500305
109,0.8072192668914795,0.7934859991073608,0.708160936832428,0.28817152976989746,0.3525483012199402,0.2322603166103363
110,0.0,0.0,0.0,0.0,0.0,0.0
111,0.0,0.0,0.0,0.0,0.0,0.0
112,0.0,0.0,0.0,0.0,0.0,0.0
113,0.0,0.0,0.0,0.0,0.0,0.0
114,0.3477570712566376,0.3414108157157898,0.20244812965393066,0.30466440320014954,0.2975338101387024,0.2513030171394348
115,0.0,0.0,0.0,0.0,0.0,0.0
116,0.0,0.0,0.17994554340839386,0.23453690111637115,0.3256623446941376,0.47571873664855957
117,0.0,0.0,0.0,0.0,0.0,0.0
118,0.0,0.0,0.0,0.0,0.0,0.0
119,0.0,0.0,0.0,0.0,0.0,0.0
120,0.6125149130821228,0.669744610786438,0.7024344205856323,0.5406042337417603,0.598034679889679,0.8097100853919983
121,0.0,0.0,0.0,0.0,0.0,0.0
122,0.0,0.0,0.060028187930583954,0.0,0.0,0.0
123,0.0,0.0,0.0,0.0,0.0,0.0
124,0.14990481734275818,0.05510185658931732,0.0,0.0,0.0,0.0
125,0.0,0.0,0.0,0.0,0.0,0.0
126,0.0,0.0,0.0,0.0,0.0,0.0
127,0.9081922173500061,0.8178332448005676,0.8155876994132996,0.8392518758773804,0.8998621702194214,0.8984377384185791
128,0.31405502557754517,0.0,0.0,0.0,0.0,0.0
129,0.0,0.0,0.0,0.0,0.0,0.0
130,0.0,0.0,0.0,0.0,0.0,0.0
131,0.40679648518562317,0.4202553927898407,0.4374231994152069,0.3954715132713318,0.49744829535484314,0.4000996947288513
132,0.9775779247283936,0.9843090772628784,0.974587082862854,0.9760149121284485,0.9872877597808838,0.9918631315231323
133,0.0,0.0,0.0,0.0,0.0,0.0
134,0.0,0.0,0.0,0.0,0.0,0.0
135,0.0,0.0,0.0,0.0,0.0,0.0
136,0.0,0.0,0.0,0.0,0.0,0.0
137,0.0,0.0,0.0,0.0,0.0,0.0
138,0.0,0.0,0.0,0.0,0.0,0.0
139,0.46461766958236694,0.5123276710510254,0.2665002942085266,0.2664583623409271,0.5297476053237915,0.38419848680496216
140,0.2397439181804657,0.0,0.17235597968101501,0.076930932700634,0.0,0.0
141,0.8278879523277283,0.5332362651824951,0.6143613457679749,0.6182084083557129,0.478334903717041,0.49643954634666443
142,0.0,0.0,0.0,0.0,0.0,0.0
143,0.24475570023059845,0.05521595850586891,0.0,0.0,0.0,0.0
144,0.0,0.0,0.0,0.0,0.2595328986644745,0.0
145,0.0610969252884388,0.0,0.0,0.0,0.0,0.0
146,0.0,0.0,0.0,0.0,0.0,0.0
147,0.3513253629207611,0.0,0.0,0.0,0.0,0.0
148,0.0,0.0,0.0,0.0,0.0,0.0
149,0.0641375407576561,0.0,0.0,0.0,0.0,0.0
150,0.0,0.0,0.0,0.0,0.0,0.0
151,0.0,0.0,0.0,0.07824818789958954,0.0,0.0
152,0.0,0.0,0.0,0.0,0.0,0.0
153,0.0,0.0,0.0,0.0,0.0,0.0
154,0.0,0.0,0.0,0.0,0.0,0.0
155,0.0,0.0,0.0,0.0,0.0,0.0
156,0.0,0.0,0.0,0.0,0.0,0.0
157,0.0,0.0,0.0,0.0,0.0,0.0
158,0.12130051851272583,0.06403766572475433,0.0,0.0,0.0,0.0
159,0.0,0.0,0.0,0.0,0.0,0.0
160,0.0,0.0,0.0,0.0,0.0,0.0
161,0.4087662696838379,0.3483038544654846,0.2626684904098511,0.26832062005996704,0.25015851855278015,0.0
162,0.0,0.0,0.0,0.0,0.0,0.0
163,0.0,0.0,0.0,0.0,0.0,0.0
164,0.11856817454099655,0.1416863650083542,0.0,0.0,0.0,0.0
165,0.0,0.0,0.0,0.0,0.0,0.0
166,0.05108194798231125,0.0,0.0,0.0,0.0,0.0
167,0.0,0.0,0.0,0.0,0.0,0.0
168,0.0,0.0,0.0,0.0,0.0,0.0
169,0.0,0.0,0.0,0.0,0.0,0.0
170,0.0,0.0,0.0,0.0,0.0,0.0
171,0.0,0.0,0.0,0.0,0.0,0.0
172,0.2525327801704407,0.0996880978345871,0.0,0.0,0.0,0.0
173,0.0,0.0,0.0,0.0,0.0,0.0
174,0.0,0.0,0.0,0.0,0.0,0.0
175,0.0,0.0,0.0,0.0,0.0,0.0
176,0.0,0.0,0.0,0.0,0.0,0.0
177,0.0,0.0,0.0,0.0,0.0,0.0
178,0.2417762577533722,0.18681563436985016,0.2121189683675766,0.16804543137550354,0.11403828859329224,0.09115089476108551
179,0.0,0.0,0.0,0.08748254925012589,0.0,0.0
180,0.9032161235809326,0.9139503240585327,0.9394031167030334,0.9286966919898987,0.8960660099983215,0.6950944066047668
181,0.0,0.0,0.0,0.0,0.0,0.0
182,0.0,0.0,0.0,0.0,0.0,0.0
183,0.0,0.0,0.0,0.0,0.0,0.0
184,0.0,0.0,0.0,0.0,0.0,0.0
185,0.0,0.0,0.0,0.0,0.0,0.0
186,0.0,0.0,0.0,0.1162559762597084,0.0,0.0
187,0.0,0.0,0.0,0.0,0.0,0.0
188,0.28102657198905945,0.17358803749084473,0.0,0.0,0.0,0.0
189,0.05973997712135315,0.0,0.0,0.0,0.0,0.0
190,0.0,0.0,0.0,0.07288059592247009,0.06848540157079697,0.0
191,0.0,0.11412850767374039,0.0,0.0,0.0,0.0
192,0.0,0.0,0.0,0.0,0.0,0.0
193,0.0,0.0,0.0,0.0,0.0,0.0
194,0.4066557288169861,0.2737254202365875,0.18693634867668152,0.18407998979091644,0.21566957235336304,0.2216786891222
195,0.0,0.0,0.0,0.0,0.0,0.0
196,0.0,0.0,0.0,0.0,0.0,0.0
197,0.0,0.0,0.0,0.0,0.0,0.0
198,0.0,0.0,0.0,0.0,0.0,0.0
199,0.0,0.0,0.0,0.0,0.0,0.0
200,0.0,0.0,0.0,0.0,0.0,0.0
201,0.0,0.0,0.0,0.0,0.0,0.0
202,0.0,0.0,0.0,0.0,0.0,0.0
203,0.0,0.0,0.0,0.0,0.0,0.0
204,0.0,0.0,0.0,0.0,0.0,0.0
205,0.0,0.0,0.0,0.0,0.0,0.0
206,0.18219061195850372,0.0,0.0,0.0,0.0,0.0
207,0.0,0.0,0.0,0.0,0.0,0.0
208,0.37783902883529663,0.543887734413147,0.46752840280532837,0.08784997463226318,0.0,0.0
209,0.0,0.0,0.0,0.0,0.0,0.0
210,0.0,0.0,0.0,0.0,0.0,0.0
211,0.0,0.0,0.0,0.0,0.0,0.0
212,0.0,0.0,0.0,0.08105183392763138,0.0,0.0
213,0.5829965472221375,0.6435741186141968,0.3252904415130615,0.40335729718208313,0.26189666986465454,0.27458277344703674
214,0.0,0.0,0.0,0.0,0.0,0.0
215,0.0,0.0,0.0,0.0,0.0,0.0
216,0.0,0.0,0.2823915481567383,0.22398410737514496,0.2490772157907486,0.3523622453212738
217,0.0,0.0,0.0,0.0,0.0,0.0
218,0.0,0.0,0.0,0.0,0.0,0.0
219,0.0,0.0,0.0,0.0,0.0,0.0
220,0.0,0.12244708836078644,0.0,0.0,0.0,0.0
221,0.0,0.0,0.0,0.0,0.0,0.0
222,0.8695055842399597,0.9031226634979248,0.8672882318496704,0.7608746290206909,0.8832295536994934,0.8424856662750244
223,0.0,0.0,0.0,0.0,0.0,0.0
224,0.0,0.0,0.0,0.0,0.0,0.0
225,0.4103746712207794,0.23491521179676056,0.26005464792251587,0.0,0.0,0.0
226,0.05908707529306412,0.0,0.0,0.0,0.0,0.0
227,0.0,0.0,0.0,0.0,0.0,0.0
228,0.48752474784851074,0.26407405734062195,0.0790209174156189,0.0,0.0,0.0
229,0.0,0.0,0.0,0.0,0.0,0.0
230,0.13539724051952362,0.09594615548849106,0.1310926079750061,0.0,0.0,0.0
231,0.5206304788589478,0.46393534541130066,0.3484695553779602,0.272918164730072,0.2052217423915863,0.10461726039648056
232,0.0,0.0,0.0,0.0,0.0,0.0
233,0.0,0.0,0.0,0.0,0.0,0.0
234,0.0,0.0,0.0,0.0,0.0,0.0
235,0.0,0.0,0.0,0.0,0.0,0.0
236,0.9158594608306885,0.8686528205871582,0.5571601986885071,0.43172991275787354,0.44955974817276,0.3562619090080261
237,0.0,0.0,0.0,0.0,0.0,0.0
238,0.0,0.0,0.0,0.0,0.0,0.0
239,0.0,0.0,0.0,0.0,0.0,0.0
240,0.0,0.0,0.0,0.0,0.0,0.0
241,0.8617507815361023,0.7282223701477051,0.446407675743103,0.24454638361930847,0.4178102910518646,0.24351704120635986
242,0.0,0.0,0.0,0.0,0.0,0.0
243,0.0,0.0,0.0,0.0,0.0,0.0
244,0.13737544417381287,0.0,0.0,0.09542042762041092,0.25899258255958557,0.0
245,0.0,0.0,0.0,0.0,0.0,0.0
246,0.36392930150032043,0.0,0.0,0.0,0.0,0.0
247,0.0,0.0,0.0,0.0,0.0,0.0
248,0.0,0.0,0.0,0.0,0.0,0.0
249,0.0,0.0,0.0,0.0,0.0,0.0
250,0.08906286209821701,0.0,0.09182929992675781,0.0,0.06891626864671707,0.14764663577079773
251,0.0,0.0,0.0,0.0,0.0,0.0
252,0.0,0.0,0.0,0.0632752925157547,0.0,0.0
253,0.2512052655220032,0.09363363683223724,0.0,0.0,0.0,0.0
254,0.22735343873500824,0.3167903423309326,0.3655872941017151,0.2748647630214691,0.0,0.27606427669525146
255,0.8542611002922058,0.6629167199134827,0.41515102982521057,0.0,0.0,0.0
256,0.0,0.0,0.0,0.0,0.0,0.0
257,0.0,0.0,0.0,0.0,0.0,0.0
258,0.0,0.0,0.0,0.0,0.0,0.0
259,0.0,0.0,0.11304671317338943,0.07527931779623032,0.0,0.0
260,0.0,0.15647107362747192,0.19986586272716522,0.15668459236621857,0.0,0.10011225193738937
261,0.0,0.0,0.0,0.0,0.0,0.0
262,0.2428790181875229,0.2936512231826782,0.1128249391913414,0.0,0.18666501343250275,0.12333789467811584
263,0.0,0.0,0.0,0.0,0.0,0.0
264,0.0,0.0,0.0,0.0,0.0,0.0
265,0.0,0.0,0.0,0.0,0.0,0.0
266,0.0,0.0,0.0,0.0,0.0,0.0
267,0.0,0.0,0.0,0.0,0.0,0.0
268,0.0,0.0,0.0,0.0,0.0,0.0
269,0.0,0.0,0.0,0.0,0.0,0.0
270,0.0,0.0,0.0,0.0,0.0,0.0
271,0.07703624665737152,0.0,0.0,0.0,0.0,0.0
272,0.0,0.0,0.0,0.0,0.0,0.0
273,0.06203045696020126,0.0,0.0,0.0,0.0,0.0
274,0.0,0.0,0.0,0.0,0.0,0.0
275,0.0,0.0,0.0,0.0,0.0,0.0
276,0.0,0.0,0.0,0.0,0.0,0.0
277,0.0,0.0533020980656147,0.0,0.0,0.0,0.0
278,0.0,0.0,0.0,0.0,0.0,0.0
279,0.0,0.0,0.0,0.0,0.0,0.0
280,0.0,0.0,0.0,0.0,0.0,0.0
281,0.0,0.0,0.0,0.0,0.0,0.0
282,0.5398271083831787,0.4115246534347534,0.2763410210609436,0.0,0.0,0.0
283,0.0,0.0,0.0,0.0,0.0,0.0
284,0.0,0.0,0.0,0.0,0.0,0.0
285,0.0,0.0,0.0,0.0,0.0,0.0
286,0.0,0.0,0.08653062582015991,0.0,0.1275530755519867,0.36698615550994873
287,0.0,0.0,0.0,0.0,0.0,0.0
288,0.0,0.0,0.0,0.0,0.0,0.0
289,0.19024144113063812,0.0,0.22575363516807556,0.25303319096565247,0.23456785082817078,0.21674546599388123
290,0.0,0.0,0.0,0.0,0.0,0.0
291,0.0,0.0,0.0,0.0,0.0,0.0
292,0.07716213166713715,0.15699656307697296,0.0917663425207138,0.10266683250665665,0.051087379455566406,0.046193595975637436
293,0.0,0.0,0.0,0.0,0.0,0.0
294,0.0,0.0,0.0,0.0,0.0,0.0
295,0.08683223277330399,0.05839766561985016,0.0,0.0,0.0,0.0
296,0.5072742700576782,0.41894733905792236,0.4589556157588959,0.18417826294898987,0.0,0.0
297,0.0,0.0,0.0,0.0,0.0,0.0
298,0.0,0.0,0.0,0.0,0.0,0.0
299,0.0,0.0,0.0,0.0,0.0,0.0
300,0.05024285987019539,0.0,0.0,0.0,0.0,0.0
301,0.0,0.0,0.0,0.0,0.0,0.0
302,0.0,0.02754179574549198,0.0,0.0,0.0,0.0
303,0.0,0.0,0.0,0.0,0.0,0.0
304,0.0,0.0,0.0,0.0,0.0,0.0
305,0.0,0.0,0.0,0.0,0.0,0.0
306,0.0,0.0,0.0,0.0,0.0,0.0
307,0.0,0.0,0.0,0.0,0.0,0.0
308,0.0,0.0,0.0,0.06031319499015808,0.15169566869735718,0.0
309,0.0,0.0,0.0,0.0,0.0,0.0
310,0.0,0.0,0.0,0.0,0.0,0.0
311,0.0,0.0,0.0,0.0,0.0,0.0
312,0.0,0.0,0.0,0.0,0.0,0.0
313,0.6400244832038879,0.5354835987091064,0.44892582297325134,0.32484763860702515,0.15331748127937317,0.14560061693191528
314,0.31039685010910034,0.11681737750768661,0.0,0.0,0.0,0.0
315,0.0,0.0,0.0,0.0,0.0,0.0
316,0.10267773270606995,0.21832990646362305,0.0,0.1629396229982376,0.0,0.0
317,0.48057055473327637,0.4516856372356415,0.28041791915893555,0.20735961198806763,0.2088215947151184,0.1494925320148468
318,0.0,0.0,0.0,0.0,0.0,0.0
319,0.0,0.0,0.0,0.0,0.0,0.0
320,0.0,0.040102988481521606,0.050276752561330795,0.07107192277908325,0.07787954807281494,0.08648063242435455
321,0.0,0.0,0.0,0.0,0.0,0.0
322,0.0,0.0,0.0,0.0,0.0,0.0
323,0.33369937539100647,0.345787912607193,0.38850176334381104,0.4520924985408783,0.32239478826522827,0.4069191813468933
324,0.33713430166244507,0.4909452199935913,0.3490527272224426,0.27208495140075684,0.14993605017662048,0.2622250020503998
325,0.0,0.0,0.0,0.0,0.0,0.0
326,0.0,0.0,0.0,0.0,0.0,0.0
327,0.0,0.0,0.0,0.0,0.0,0.0
328,0.055577971041202545,0.06729450076818466,0.0,0.0,0.0,0.0
329,0.0,0.11609715223312378,0.27360889315605164,0.0,0.0,0.0
330,0.09726668149232864,0.135610893368721,0.10067390650510788,0.0,0.0,0.0
331,0.0,0.0,0.0,0.0,0.0,0.0
332,0.0,0.0,0.0,0.0,0.0,0.0
333,0.0,0.0,0.0,0.0,0.0,0.0
334,0.14717012643814087,0.19022564589977264,0.0,0.18225127458572388,0.1591327041387558,0.20924435555934906
335,0.0,0.0,0.0,0.0,0.0,0.0
336,0.0,0.0,0.0,0.0,0.0,0.0
337,0.10349278151988983,0.0,0.0,0.0,0.0,0.0
338,0.12131313234567642,0.1704161912202835,0.0,0.0,0.0,0.0
339,0.3071042001247406,0.35938316583633423,0.6618154644966125,0.6214388608932495,0.4439493715763092,0.22545646131038666
340,0.0,0.0,0.0,0.0,0.0,0.0
341,0.0,0.0,0.0,0.0,0.0,0.0
342,0.0,0.0,0.0,0.0,0.0,0.0
343,0.0,0.0,0.0,0.0,0.0,0.0
344,0.26954591274261475,0.26481199264526367,0.1939316987991333,0.29591280221939087,0.1469421237707138,0.0
345,0.445636123418808,0.1996109038591385,0.08975926786661148,0.15848541259765625,0.0,0.1574321836233139
346,0.0,0.0,0.0,0.0,0.0,0.0
347,0.0,0.0,0.0,0.0,0.0,0.0
348,0.0,0.0,0.0,0.0,0.0,0.0
349,0.0,0.0,0.0,0.0,0.0,0.0
350,0.0,0.0,0.0,0.0,0.0,0.0
351,0.5079225897789001,0.41807469725608826,0.5138893127441406,0.6094294190406799,0.4763236343860626,0.41675397753715515
352,0.0,0.0,0.0,0.0,0.0,0.0
353,0.30161991715431213,0.22930757701396942,0.0,0.0,0.0,0.11464715003967285
354,0.3302971124649048,0.29533788561820984,0.5088435411453247,0.6684005260467529,0.5315282940864563,0.628911554813385
355,0.0,0.0,0.0,0.0,0.0,0.0
356,0.0,0.0,0.0,0.0,0.0,0.0
357,0.0,0.0,0.0,0.0,0.0,0.0
358,0.297855406999588,0.0,0.0,0.0,0.0,0.0
359,0.0,0.0,0.0,0.0,0.0,0.0
360,0.0,0.0,0.0,0.0,0.0,0.0
361,0.0,0.0,0.0,0.0,0.0,0.0
362,0.0,0.0,0.0,0.0,0.0,0.0
363,0.1323966085910797,0.146292582154274,0.0,0.28708016872406006,0.23368090391159058,0.21903732419013977
364,0.0,0.0,0.0,0.0,0.0,0.0
365,0.0,0.0,0.0,0.0,0.0,0.0
366,0.0,0.0,0.0,0.0,0.0,0.0
367,0.0,0.0,0.0,0.0,0.0,0.0
368,0.0,0.0,0.0,0.0,0.0,0.0
369,0.0,0.0,0.0,0.0,0.0,0.0
370,0.0,0.0,0.0,0.0,0.0,0.0
371,0.0,0.0,0.0,0.025893928483128548,0.0,0.0
372,0.0,0.0,0.0,0.0,0.0,0.0
373,0.0,0.0,0.0,0.0,0.0,0.0
374,0.0,0.0,0.216533362865448,0.0,0.0,0.0
375,0.0,0.0,0.0,0.0,0.0,0.0
376,0.15767094492912292,0.09807205200195312,0.22294645011425018,0.34492260217666626,0.4553001821041107,0.19804763793945312
377,0.040465857833623886,0.0,0.0,0.0,0.0,0.0
378,0.0,0.0,0.0,0.0,0.0,0.0
379,0.0,0.0,0.0,0.0,0.0,0.0
380,0.0,0.0,0.0,0.0,0.0,0.0
381,0.0,0.0,0.0,0.0,0.0,0.0
382,0.15837858617305756,0.0704948753118515,0.0,0.0,0.0,0.0
383,0.0,0.0,0.0,0.0,0.0,0.0
384,0.7348687052726746,0.7037961483001709,0.6882303357124329,0.3416004180908203,0.23051941394805908,0.0
385,0.0,0.0,0.0,0.0,0.0,0.0
386,0.0,0.0,0.0,0.0,0.0,0.0
387,0.4608376920223236,0.4568633735179901,0.8207195997238159,0.717867910861969,0.7228448987007141,0.5169393420219421
388,0.4342414140701294,0.0,0.2619211673736572,0.0,0.0,0.0
389,0.0,0.0,0.0,0.0,0.0,0.0
390,0.0,0.0,0.0,0.0,0.0,0.0
391,0.0,0.0,0.0,0.0,0.0,0.0
392,0.16440322995185852,0.0,0.0,0.11089526116847992,0.08470768481492996,0.0618826262652874
393,0.0,0.0,0.0,0.0,0.0,0.0
394,0.0,0.0,0.0,0.0,0.0,0.0
395,0.0,0.0,0.0,0.0,0.0,0.0
396,0.0,0.0,0.0,0.0,0.0,0.0
397,0.0,0.0,0.0,0.0,0.0,0.0
398,0.18169720470905304,0.12561583518981934,0.0,0.0,0.0,0.0
399,0.0,0.0,0.0,0.0,0.0,0.0
400,0.08059784024953842,0.131103515625,0.14212147891521454,0.1366988867521286,0.10207735002040863,0.05736621096730232
401,0.0,0.0,0.0,0.0,0.0,0.0
402,0.0,0.0,0.0,0.0,0.0,0.0
403,0.0,0.0,0.0,0.0,0.0,0.0
404,0.06726592034101486,0.0,0.0,0.0,0.0,0.0
405,0.0,0.0,0.0,0.0,0.0,0.0
406,0.13387122750282288,0.0,0.0,0.0,0.0,0.0
407,0.0,0.0,0.0,0.0,0.0,0.0
408,0.0,0.0,0.0,0.0,0.0,0.0
409,0.07454768568277359,0.0,0.0,0.0,0.0,0.0
410,0.0,0.0,0.0,0.0,0.06001489236950874,0.0
411,0.0,0.0,0.0,0.0,0.0,0.0
412,0.5864768028259277,0.26365479826927185,0.7020376324653625,0.8820697069168091,0.985015869140625,0.9373592734336853
413,0.0,0.0,0.0,0.0,0.0,0.0
414,0.0,0.0,0.0,0.0,0.0,0.0
415,0.7264981865882874,0.48403608798980713,0.30799534916877747,0.10114946216344833,0.0,0.04943637177348137
416,0.0,0.0,0.0,0.0,0.0,0.0
417,0.0,0.0,0.0,0.0,0.0,0.0
418,0.0,0.0,0.0,0.0,0.0,0.0
419,0.0,0.0,0.0,0.0,0.0,0.0
420,0.0,0.0,0.0,0.0,0.0,0.0
421,0.0751757025718689,0.04298625886440277,0.24311527609825134,0.0,0.07205338776111603,0.04493104666471481
422,0.08559484779834747,0.046175532042980194,0.034476011991500854,0.019495829939842224,0.0,0.0
423,0.11773066967725754,0.09184390306472778,0.0,0.0,0.0,0.0
424,0.0,0.0,0.0,0.0,0.0,0.0
425,0.0,0.0,0.0,0.0,0.0,0.0
426,0.0,0.0,0.0,0.0,0.0,0.0
427,0.5246601700782776,0.6554819941520691,0.5197128653526306,0.23105444014072418,0.0,0.0
428,0.0,0.0,0.0,0.0,0.0,0.0
429,0.0,0.0,0.0,0.0,0.0,0.0
430,0.0,0.0,0.0,0.0,0.0,0.0
431,0.0,0.0,0.056145984679460526,0.0,0.0,0.0
432,0.2686474621295929,0.1099306121468544,0.1173107847571373,0.0,0.0,0.0
433,0.0,0.0,0.0,0.0,0.0,0.0
434,0.2918853759765625,0.0,0.4229716956615448,0.3963802456855774,0.3327712416648865,0.19171537458896637
435,0.0,0.0,0.0,0.0,0.0,0.0
436,0.0,0.0,0.0,0.0,0.0,0.0
437,0.0,0.0,0.0,0.0,0.0,0.0
438,0.0,0.0,0.0,0.0,0.0,0.0
439,0.09619537740945816,0.04242317005991936,0.0,0.0,0.0,0.0
440,0.13392756879329681,0.1384040117263794,0.0,0.2933070957660675,0.0,0.0
441,0.06171645224094391,0.09603270143270493,0.0,0.0,0.19104713201522827,0.28282827138900757
442,0.0,0.0,0.0,0.0,0.0,0.0
443,0.0,0.0,0.0,0.0,0.0,0.0
444,0.0,0.0,0.0,0.0,0.0,0.0
445,0.0,0.0,0.0,0.0,0.0,0.0
446,0.0,0.0,0.0,0.0,0.0,0.0
447,0.31093043088912964,0.19718854129314423,0.23426097631454468,0.1290147304534912,0.0,0.0
448,0.0,0.0,0.0,0.0,0.0,0.0
449,0.0,0.0,0.0,0.0,0.0,0.0
450,0.6011322140693665,0.5156039595603943,0.265428364276886,0.0,0.0,0.0
451,0.0,0.0,0.0,0.0,0.0,0.0
452,0.0,0.0,0.0,0.0,0.0,0.0
453,0.0,0.0,0.0,0.0,0.0,0.0
454,0.0,0.0,0.0,0.0,0.0,0.0
455,0.6232736110687256,0.5827538967132568,0.5270061492919922,0.4523807168006897,0.4478456676006317,0.44021788239479065
456,0.0,0.0,0.0,0.0,0.0,0.0
457,0.0,0.0,0.0,0.0,0.0,0.0
458,0.0,0.0,0.0,0.0,0.0,0.0
459,0.0,0.0,0.0,0.0,0.0,0.0
460,0.0,0.0,0.14247868955135345,0.0,0.0,0.0
461,0.0,0.0,0.0,0.0,0.0,0.0
462,0.07351426780223846,0.0,0.0,0.0,0.0,0.0
463,0.11888764053583145,0.10062747448682785,0.0,0.0,0.0,0.0
464,0.0,0.0,0.0,0.0,0.0,0.0
465,0.0,0.0,0.2906825542449951,0.33493486046791077,0.38295626640319824,0.0
466,0.680399477481842,0.5932352542877197,0.6463971734046936,0.518622875213623,0.5626266002655029,0.391994833946228
467,0.29057589173316956,0.0,0.0,0.0,0.0,0.0
468,0.0,0.0,0.0,0.0,0.0,0.0
469,0.0,0.0,0.0,0.0,0.0,0.0
470,0.7697209119796753,0.7758071422576904,0.7611775398254395,0.5794114470481873,0.253658652305603,0.32407695055007935
471,0.0,0.0,0.0,0.0,0.0,0.0
472,0.5701484084129333,0.4751918315887451,0.4909241199493408,0.46107837557792664,0.0,0.5931803584098816
473,0.18294836580753326,0.0,0.0,0.0,0.0,0.0
474,0.0,0.0,0.0,0.0,0.0,0.0
475,0.0,0.0,0.0,0.0,0.0,0.0
476,0.0,0.0,0.0,0.0,0.0,0.0
477,0.0,0.0,0.0,0.0,0.0,0.0
478,0.0,0.0,0.0,0.0,0.0,0.0
479,0.0,0.0,0.0,0.0,0.0,0.0
480,0.0,0.0,0.0,0.0,0.0,0.0
481,0.0,0.0,0.0,0.0,0.0,0.0
482,0.0,0.0,0.0,0.0,0.0,0.0
483,0.0,0.0,0.0,0.0,0.0,0.0
484,0.0,0.0,0.0,0.0,0.0,0.0
485,0.0,0.0,0.0,0.0,0.0,0.0
486,0.0,0.0,0.0,0.0,0.0,0.0
487,0.0,0.0,0.0,0.0,0.0,0.0
488,0.0,0.0,0.0,0.0,0.0,0.0
489,0.0,0.08121059834957123,0.0,0.0,0.0,0.0
490,0.07738688588142395,0.0,0.0,0.0,0.0,0.0
491,0.0,0.0,0.0,0.0,0.0,0.0
492,0.0,0.0,0.0,0.0,0.0,0.0
493,0.0,0.0,0.0,0.0,0.0,0.0
494,0.0,0.0,0.0,0.0,0.0,0.0
495,0.0,0.0,0.0,0.0,0.0,0.0
496,0.0,0.0,0.0,0.0,0.0,0.0
497,0.0,0.0,0.0,0.0,0.0,0.0
498,0.0,0.0,0.0,0.0,0.0,0.0
499,0.0,0.0,0.0,0.0,0.0,0.0
500,0.0,0.0,0.0,0.0,0.0,0.0
501,0.18395103514194489,0.0,0.0,0.0,0.0,0.0
502,0.0,0.0,0.0,0.0,0.0,0.0
503,0.0,0.0,0.0,0.0,0.0,0.0
504,0.3739584982395172,0.0,0.0,0.0,0.0,0.0
505,0.0,0.0,0.0,0.0,0.0,0.0
506,0.0,0.0,0.0,0.0,0.0,0.0
507,0.0,0.0,0.0,0.0,0.0,0.0
508,0.0,0.0,0.0,0.0,0.0,0.0
509,0.0,0.0,0.0,0.0,0.0,0.0
510,0.0,0.0,0.0,0.0,0.0,0.0
511,0.0,0.0,0.0,0.0,0.0,0.0
512,0.0,0.0,0.0,0.0,0.0,0.0
513,0.0,0.0,0.0,0.0,0.0,0.0
514,0.0,0.0,0.0,0.0,0.0,0.0
515,0.0,0.0,0.0,0.0,0.0,0.0
516,0.0,0.0,0.0,0.0,0.0,0.0
517,0.0,0.0,0.0,0.0,0.0,0.12883546948432922
518,0.0,0.0,0.0,0.0,0.0,0.0
519,0.0,0.0,0.0,0.0,0.0,0.0
520,0.0,0.0,0.0,0.0,0.0,0.0
521,0.8773922920227051,0.8198099732398987,0.7733829021453857,0.7847900986671448,0.7412699460983276,0.7264648079872131
522,0.0,0.0,0.0,0.0,0.0,0.0
523,0.0,0.0,0.0,0.0,0.0,0.0
524,0.0,0.0,0.0,0.0,0.0,0.0
525,0.3431822955608368,0.25064876675605774,0.3130384683609009,0.3584679961204529,0.3574736416339874,0.0
526,0.12944433093070984,0.0,0.0,0.0,0.0,0.0
527,0.0,0.0,0.0,0.0,0.0,0.0
528,0.0,0.0,0.2617514729499817,0.3116470277309418,0.16722922027111053,0.23212867975234985
529,0.0,0.0,0.0,0.0,0.0,0.0
530,0.15668319165706635,0.0,0.0,0.0,0.2460326999425888,0.14092466235160828
531,0.25914111733436584,0.1448175013065338,0.0,0.0,0.0,0.0
532,0.0,0.0,0.0,0.0,0.0,0.0
533,0.0,0.0,0.0,0.0,0.0,0.0
534,0.0,0.0,0.0,0.0,0.0,0.0
535,0.0,0.0,0.3378889560699463,0.36680951714515686,0.2208007425069809,0.40864098072052
536,0.20583350956439972,0.0,0.0,0.0,0.0,0.0
537,0.0,0.0,0.0,0.0,0.0,0.0
538,0.0,0.0,0.0,0.0,0.0,0.0
539,0.0,0.0,0.0,0.0,0.0,0.0
540,0.0,0.0,0.0,0.0,0.0,0.0
541,0.46439090371131897,0.15114225447177887,0.1771399825811386,0.22925201058387756,0.2041674554347992,0.08315427601337433
542,0.5637052059173584,0.26899442076683044,0.22793279588222504,0.47114408016204834,0.37276220321655273,0.3933548331260681
543,0.45881718397140503,0.23309728503227234,0.0,0.0,0.0,0.0
544,0.0,0.0,0.0,0.0,0.0,0.0
545,0.0,0.0,0.0,0.0,0.0,0.0
546,0.23588109016418457,0.27138200402259827,0.21015740931034088,0.23043924570083618,0.33439400792121887,0.2586663067340851
547,0.0,0.0,0.0,0.0,0.0,0.0
548,0.20692893862724304,0.11286105215549469,0.0,0.0,0.0,0.0
549,0.0,0.0,0.0,0.0,0.0,0.0
550,0.0,0.0,0.0,0.0,0.0,0.0
551,0.0,0.0,0.0,0.0,0.0,0.0
552,0.0,0.0,0.0,0.0,0.0,0.0
553,0.41164183616638184,0.32824942469596863,0.0,0.0,0.0,0.0
554,0.057775259017944336,0.0,0.0,0.0,0.0,0.0
555,0.0,0.0,0.0,0.0,0.0,0.0
556,0.0,0.0,0.0,0.0,0.0,0.0
557,0.0,0.0,0.0,0.0,0.0,0.0
558,0.0,0.0,0.0,0.0,0.0,0.0
559,0.0,0.0,0.0,0.0,0.0,0.0
560,0.4650160074234009,0.4600263833999634,0.4005136489868164,0.36051857471466064,0.34203311800956726,0.40713849663734436
561,0.0,0.0,0.0,0.0,0.0,0.0
562,0.33054691553115845,0.3085784316062927,0.23318138718605042,0.0,0.0,0.0
563,0.0,0.0,0.0,0.0,0.0,0.0
564,0.2854863703250885,0.0,0.0,0.0,0.0,0.0
565,0.0,0.0,0.0,0.0,0.0,0.0
566,0.0,0.0,0.0,0.0,0.0,0.0
567,0.0,0.0,0.0,0.0,0.0,0.0
568,0.0,0.0,0.04587232321500778,0.04052693024277687,0.0,0.0576903373003006
569,0.0,0.0,0.0,0.0,0.0,0.0
570,0.0,0.0,0.0,0.0,0.0,0.0
571,0.0,0.0,0.0,0.0,0.0,0.0
572,0.0,0.0,0.0,0.0,0.0,0.0
573,0.09437403827905655,0.061316512525081635,0.0,0.062490761280059814,0.0,0.0
574,0.0,0.0,0.0,0.0,0.0,0.0
575,0.0,0.06619977951049805,0.1320640593767166,0.10529438406229019,0.041492462158203125,0.1546502709388733
576,0.0,0.0,0.0,0.0,0.0,0.0
577,0.0,0.0,0.0,0.0,0.0,0.0
578,0.0,0.0,0.0,0.0,0.0,0.0
579,0.0,0.0,0.0,0.0,0.0,0.0
580,0.4891184866428375,0.5572487711906433,0.43581661581993103,0.4718689024448395,0.4248475432395935,0.49625974893569946
581,0.0,0.0,0.0,0.0,0.0,0.0
582,0.0,0.0,0.0,0.0,0.0,0.0
583,0.2234385460615158,0.35648953914642334,0.0,0.0,0.0,0.0
584,0.0,0.0,0.0,0.0,0.0,0.0
585,0.0,0.0,0.0,0.0,0.0,0.0
586,0.0,0.0,0.0,0.0,0.0,0.0
587,0.0,0.0,0.0,0.0,0.0,0.0
588,0.2266821265220642,0.0,0.22463014721870422,0.30067700147628784,0.0,0.4866673946380615
589,0.0,0.0,0.0,0.0,0.0,0.0
590,0.9658495187759399,0.840419352054596,0.5663170218467712,0.5499439239501953,0.44834065437316895,0.5703955888748169
591,0.0,0.0,0.0,0.0,0.0,0.0
592,0.0,0.0,0.0,0.0,0.0,0.0
593,0.0,0.0,0.0,0.0,0.0,0.0
594,0.1665651947259903,0.10566587746143341,0.0,0.0,0.0,0.0
595,0.0,0.0,0.0,0.0,0.0,0.0
596,0.0,0.0,0.0,0.0,0.0,0.0
597,0.2961141765117645,0.0,0.0,0.0,0.0,0.0
598,0.0,0.0,0.0,0.0,0.0,0.0
599,0.07156939804553986,0.0,0.0,0.0,0.0,0.0
600,0.0,0.0,0.0,0.0,0.0,0.0
601,0.0,0.0,0.0,0.0,0.0,0.0
602,0.0,0.0,0.0,0.0,0.0,0.0
603,0.0,0.0,0.0,0.0,0.0,0.0
604,0.0,0.0,0.0,0.0,0.0,0.1466236412525177
605,0.10683164745569229,0.1005985364317894,0.3848109841346741,0.03909369558095932,0.029273798689246178,0.0
606,0.0,0.0,0.0,0.0,0.0,0.0
607,0.0,0.0,0.0,0.0,0.0,0.0
608,0.0,0.0,0.0,0.0,0.0,0.0
609,0.0,0.0,0.0,0.0,0.0,0.0
610,0.0,0.0,0.0,0.0,0.0,0.0
611,0.0,0.0,0.0,0.0,0.0,0.0
612,0.0,0.0,0.0,0.0,0.0,0.0
613,0.0,0.0,0.0,0.0,0.0,0.0
614,0.20964957773685455,0.10420705378055573,0.0,0.0,0.0,0.0
615,0.0,0.0,0.0,0.0,0.0,0.0
616,0.0,0.0,0.0,0.0,0.0,0.0
617,0.0,0.0,0.0,0.0,0.0,0.0
618,0.0,0.0,0.0,0.0,0.0,0.0
619,0.1421588808298111,0.2672380805015564,0.44954153895378113,0.15290868282318115,0.054643455892801285,0.0
620,0.0,0.0,0.0,0.0,0.0,0.0
621,0.0,0.0,0.0,0.0,0.0,0.0
622,0.16864708065986633,0.14650113880634308,0.19363297522068024,0.062436044216156006,0.0,0.0
623,0.0,0.0,0.0,0.0,0.0,0.0
624,0.0,0.0,0.0,0.0,0.0,0.0
625,0.0,0.0,0.0,0.0,0.0,0.0
626,0.0,0.0,0.0,0.0,0.0,0.0
627,0.0,0.0,0.0,0.0,0.0,0.0
628,0.05606701225042343,0.07559792697429657,0.0,0.0,0.0,0.0
629,0.0,0.0,0.0,0.0,0.0,0.0
630,0.0,0.05337920039892197,0.2423776239156723,0.3222760558128357,0.21291828155517578,0.2107270509004593
631,0.0,0.0,0.0,0.0,0.0,0.0
632,0.0,0.0,0.0,0.0,0.0,0.0
633,0.18684402108192444,0.0,0.0,0.0,0.16376027464866638,0.0
634,0.0,0.0,0.0,0.0,0.0,0.0
635,0.0,0.0,0.0,0.0,0.0,0.0
636,0.21741418540477753,0.0,0.0,0.0,0.0,0.0
637,0.0,0.0,0.0,0.0,0.0,0.0
638,0.09992147982120514,0.026256341487169266,0.0,0.0,0.0,0.0
639,0.0,0.0,0.0,0.0,0.10990826785564423,0.050544623285532
640,0.6412217617034912,0.2793733477592468,0.0,0.0,0.0,0.0
641,0.0,0.0,0.0,0.0,0.0,0.0
642,0.0,0.0,0.0,0.0,0.0,0.0
643,0.0,0.0,0.0,0.0,0.0,0.0
644,0.0,0.0,0.0,0.0,0.0,0.0
645,0.11014997959136963,0.0,0.0,0.0,0.0,0.0
646,0.0,0.0,0.0,0.0,0.0,0.0
647,0.0,0.0,0.0,0.0,0.0,0.0
648,0.0,0.0,0.0,0.0,0.0,0.0
649,0.7102219462394714,0.5108771920204163,0.6807733178138733,0.6678830981254578,0.31170082092285156,0.0
650,0.1427834928035736,0.0,0.0,0.0489744134247303,0.0,0.16829794645309448
651,0.0,0.0,0.0,0.0,0.0,0.0
652,0.16787713766098022,0.2500140070915222,0.19291147589683533,0.5758700370788574,0.0,0.3011959493160248
653,0.24221128225326538,0.3217456638813019,0.0,0.0,0.0,0.0
654,0.0,0.0,0.0,0.0,0.0,0.0
655,0.0,0.0,0.0,0.0,0.0,0.0
656,0.0,0.0,0.0,0.0,0.0,0.0
657,0.2910497784614563,0.0,0.24918429553508759,0.34069642424583435,0.552424967288971,0.3713143765926361
658,0.21117167174816132,0.0,0.0,0.12618759274482727,0.11243097484111786,0.0
659,0.0,0.0,0.0,0.0,0.0,0.0
660,0.0,0.0,0.0,0.1481819599866867,0.20933565497398376,0.2109754979610443
661,0.0,0.0,0.0,0.0,0.0,0.0
662,0.0,0.0,0.0,0.0,0.0,0.0
663,0.0,0.0,0.0,0.0,0.0,0.0
664,0.0,0.0,0.0,0.0,0.0,0.0
665,0.0,0.0,0.0,0.0,0.0,0.0
666,0.2619757652282715,0.21004292368888855,0.35018274188041687,0.4099264144897461,0.37563854455947876,0.36456823348999023
667,0.0,0.0,0.0,0.0,0.0,0.0
668,0.0,0.0,0.0,0.0,0.0,0.0
669,0.0,0.0,0.0,0.0,0.0,0.0
670,0.0,0.0,0.0,0.0,0.0,0.0
671,0.2553758919239044,0.20761404931545258,0.0,0.0,0.0,0.0
672,0.0,0.0,0.0,0.0,0.0,0.0
673,0.19386427104473114,0.12148284167051315,0.0,0.27905815839767456,0.2103552222251892,0.4120543897151947
674,0.0,0.0,0.0,0.0,0.0,0.0
675,0.0,0.0,0.0,0.0,0.0,0.0
676,0.0,0.0,0.0,0.0,0.0,0.0
677,0.0,0.0,0.0,0.0,0.0,0.0
678,0.0,0.0,0.0,0.0,0.0,0.0
679,0.0,0.0,0.0,0.0,0.0,0.0
680,0.0,0.0,0.0,0.0,0.0,0.0
681,0.4108754098415375,0.22455498576164246,0.25028544664382935,0.36643317341804504,0.20938429236412048,0.25836488604545593
682,0.0,0.0,0.0,0.0,0.0,0.0
683,0.6718096137046814,0.6728782653808594,0.642116129398346,0.7788183689117432,0.8338992595672607,0.8297374248504639
684,0.7686725854873657,0.45893508195877075,0.5208815932273865,0.3973095118999481,0.12601055204868317,0.12360750138759613
685,0.15860570967197418,0.22977624833583832,0.4576273262500763,0.6765528917312622,0.45730406045913696,0.33241090178489685
686,0.0,0.0,0.0,0.0,0.0,0.0
687,0.0,0.0,0.0,0.0,0.0,0.0
688,0.0,0.0,0.0,0.0,0.0,0.0
689,0.533574640750885,0.38697943091392517,0.40916869044303894,0.14164143800735474,0.1391802728176117,0.21828323602676392
690,0.0,0.2774193584918976,0.28819915652275085,0.19769029319286346,0.1799558699131012,0.0
691,0.0,0.0,0.0,0.0,0.0,0.0
692,0.0,0.0,0.0,0.0,0.0,0.0
693,0.0,0.0,0.0,0.0,0.0,0.0
694,0.0,0.0,0.0,0.0,0.0,0.0
695,0.0,0.0,0.0,0.0,0.0,0.0
696,0.0,0.0,0.0,0.0,0.0,0.0
697,0.16472932696342468,0.08695609867572784,0.0,0.0,0.0,0.0
698,0.0,0.0,0.0,0.0,0.0,0.0
699,0.533907413482666,0.0,0.49732962250709534,0.4898811876773834,0.5391644835472107,0.4822276830673218
700,0.0,0.0,0.0,0.0,0.0,0.0
701,0.0,0.0,0.0,0.0,0.0,0.0
702,0.45705702900886536,0.402535080909729,0.47671154141426086,0.12109248340129852,0.19773182272911072,0.3779730200767517
703,0.0,0.0,0.0,0.0,0.0,0.0
704,0.0,0.0,0.0,0.0,0.0,0.0
705,0.0,0.0,0.0,0.0,0.0,0.0
706,0.0,0.0,0.0,0.0,0.0,0.0
707,0.0,0.0,0.0,0.0,0.0,0.0
708,0.0,0.0,0.0,0.0,0.0,0.0
709,0.0,0.0,0.0,0.0,0.0,0.0
710,0.11709842830896378,0.0,0.11536191403865814,0.0,0.0,0.0
711,0.0,0.0,0.0,0.0,0.0,0.0
712,0.11675117164850235,0.0,0.0,0.0,0.0,0.0
713,0.0,0.09320040047168732,0.0,0.0,0.0,0.0
714,0.0,0.0,0.0,0.0,0.0,0.0
715,0.0,0.0,0.0,0.0,0.0,0.0
716,0.0,0.0,0.0,0.0,0.0,0.0
717,0.24896544218063354,0.0,0.0,0.0,0.0,0.0
718,0.0815194621682167,0.0,0.06288745254278183,0.0,0.0,0.0
719,0.0,0.0,0.0,0.0,0.0,0.0
720,0.0,0.0,0.284907728433609,0.0,0.0,0.0
721,0.06209501996636391,0.07640786468982697,0.11399149894714355,0.04956577718257904,0.0,0.0
722,0.23798754811286926,0.14546968042850494,0.0,0.1565215140581131,0.1062481552362442,0.1445898711681366
723,0.0,0.0,0.0,0.0,0.0,0.0
724,0.0,0.0,0.0,0.0,0.0,0.0
725,0.0,0.0,0.0,0.0,0.0,0.0
726,0.0,0.0,0.0,0.0,0.0,0.0
727,0.0,0.0,0.0,0.0,0.0,0.1412295401096344
728,0.8811390995979309,0.8138111233711243,0.5935233235359192,0.4668320119380951,0.20964926481246948,0.0
729,0.0,0.0,0.0,0.0,0.0,0.0
730,0.0,0.0,0.0,0.0,0.0,0.0
731,0.11918280273675919,0.10721781849861145,0.10132186859846115,0.16156649589538574,0.13790413737297058,0.29214632511138916
732,0.11665073037147522,0.12174472212791443,0.16956490278244019,0.0,0.11661173403263092,0.0
733,0.0,0.0,0.0,0.0,0.0,0.0
734,0.06961210817098618,0.0,0.0,0.0,0.0,0.0
735,0.0,0.2493230551481247,0.0,0.0,0.0,0.0
736,0.19704172015190125,0.0,0.0,0.0,0.0,0.0
737,0.1004757359623909,0.050099145621061325,0.0,0.0,0.0,0.0
738,0.7078413963317871,0.6814999580383301,0.6769887804985046,0.7582622766494751,0.8277347087860107,0.8824524283409119
739,0.0,0.0,0.0,0.0,0.0,0.0
740,0.2461223602294922,0.20348778367042542,0.3100055158138275,0.20464880764484406,0.2233455777168274,0.2396307736635208
741,0.0,0.0,0.0,0.0,0.1404133439064026,0.0
742,0.0,0.0,0.0,0.0,0.0,0.0
743,0.5986124873161316,0.0,0.0,0.0,0.0,0.0
744,0.0,0.0,0.0,0.0,0.0,0.0
745,0.22293125092983246,0.0,0.1166028305888176,0.0,0.0,0.0
746,0.0,0.0,0.0,0.0,0.0,0.0
747,0.0,0.0,0.0,0.0,0.0,0.0
748,0.0,0.0,0.0,0.0,0.0,0.0
749,0.2852620780467987,0.2681911587715149,0.32010433077812195,0.0,0.0,0.0
750,0.0,0.0,0.0,0.0,0.0,0.0
751,0.0,0.0,0.0,0.0,0.0,0.0
752,0.0,0.0,0.0,0.0,0.0,0.0
753,0.3704737722873688,0.1632530838251114,0.0,0.0,0.0,0.23647654056549072
754,0.0,0.0,0.0,0.0,0.0,0.0
755,0.0,0.0,0.0,0.32738733291625977,0.0,0.0
756,0.0,0.0,0.0,0.0,0.0,0.0
757,0.0,0.0,0.0,0.0,0.0,0.0
758,0.0,0.0,0.0,0.0,0.0,0.0
759,0.16134123504161835,0.06097047030925751,0.0,0.0,0.0,0.0
760,0.0,0.0,0.0,0.0,0.0,0.0
761,0.0,0.0,0.0,0.0,0.0,0.0
762,0.21694976091384888,0.0,0.0,0.0,0.0,0.0
763,0.0,0.0,0.0,0.0,0.0,0.0
764,0.0,0.0,0.0,0.0,0.0,0.0
765,0.0,0.0,0.0,0.0,0.20317594707012177,0.11843991279602051
766,0.9499180912971497,0.9599581956863403,0.9529559016227722,0.8285601139068604,0.7247471809387207,0.47900545597076416
767,0.0,0.0,0.0,0.0,0.0,0.0
768,0.0,0.0,0.0,0.0,0.0,0.0
769,0.0,0.0,0.0,0.0,0.0,0.0
770,0.0,0.0,0.0,0.0,0.0,0.0
771,0.06483715027570724,0.03867948800325394,0.0,0.0,0.0,0.0
772,0.7077232003211975,0.5921531319618225,0.3167739510536194,0.4946053624153137,0.31228354573249817,0.40842315554618835
773,0.8843834400177002,0.7713770866394043,0.5482271909713745,0.5838837027549744,0.5734541416168213,0.3406769931316376
774,0.0,0.0,0.0,0.0,0.0,0.0
775,0.0,0.0,0.0,0.0,0.0,0.0
776,0.0,0.0,0.0,0.0,0.0,0.0
777,0.0,0.0,0.0,0.0,0.0,0.0
778,0.0,0.0,0.0,0.0,0.0,0.0
779,0.16564811766147614,0.0,0.0,0.0,0.0,0.0
780,0.0,0.0,0.0,0.0,0.0,0.0
781,0.0,0.0,0.0,0.0,0.0,0.0
782,0.0,0.0,0.0,0.0,0.0,0.0
783,0.2713739275932312,0.16081613302230835,0.08728595077991486,0.0,0.0,0.0
784,0.0,0.0,0.0,0.0,0.0,0.0
785,0.0,0.0,0.0,0.0,0.0,0.0
786,0.0,0.0,0.0,0.0,0.0,0.0
787,0.0,0.0,0.0,0.0,0.0,0.044300660490989685
788,0.0,0.0,0.0,0.0,0.0,0.0
789,0.0,0.0,0.0,0.0,0.0,0.0
790,0.8277117609977722,0.8583942651748657,0.9404124617576599,0.9468052387237549,0.8533398509025574,0.8970109820365906
791,0.0,0.0,0.0,0.0,0.0,0.0
792,0.0,0.0,0.0,0.06059744581580162,0.0,0.1477130800485611
793,0.0,0.0,0.0,0.0,0.0,0.0
794,0.0,0.0,0.0,0.0,0.0,0.0
795,0.0,0.0,0.0,0.0,0.0,0.0
796,0.8393107652664185,0.6873952150344849,0.42958927154541016,0.39389950037002563,0.0,0.09902355074882507
797,0.15711212158203125,0.0922280102968216,0.0,0.0,0.0,0.0
798,0.0,0.0,0.0,0.0,0.0,0.0
799,0.0,0.0,0.0,0.0,0.0,0.0
800,0.0,0.0,0.0,0.0,0.0,0.0
801,0.07394963502883911,0.0,0.0,0.057553380727767944,0.0,0.13564230501651764
802,0.0,0.31921008229255676,0.0,0.33912113308906555,0.33893007040023804,0.0
803,0.0,0.0,0.0,0.0,0.0,0.08510468155145645
804,0.0,0.0,0.0,0.0,0.0,0.0
805,0.0,0.0,0.0,0.0,0.0,0.0
806,0.0,0.0,0.0,0.0,0.0,0.0
807,0.0,0.0,0.0,0.0,0.0,0.0
808,0.0,0.0,0.0,0.0,0.0,0.0
809,0.0,0.0,0.1625593602657318,0.0,0.04832632467150688,0.0
810,0.445814311504364,0.19087353348731995,0.35380926728248596,0.6026802062988281,0.6363725662231445,0.2694256603717804
811,0.0,0.0,0.0,0.0,0.0,0.0
812,0.0,0.0,0.0,0.0,0.0,0.0
813,0.0,0.0,0.1522001475095749,0.0,0.0,0.0
814,0.10833314061164856,0.10813167691230774,0.04483017325401306,0.0,0.0,0.0
815,0.0,0.0,0.0,0.0,0.0,0.0
816,0.0,0.0,0.0,0.0,0.0,0.0
817,0.0,0.0,0.0,0.0,0.0,0.0
818,0.0,0.0,0.0,0.0,0.0,0.24497321248054504
819,0.7236577272415161,0.5421926975250244,0.5948506593704224,0.41575920581817627,0.23728160560131073,0.10610713064670563
820,0.0,0.0,0.0,0.0,0.0,0.0
821,0.0,0.0,0.0,0.0,0.0,0.0
822,0.0,0.0,0.0,0.0,0.0,0.0
823,0.0,0.0,0.0,0.0,0.0,0.0
824,0.2908381521701813,0.4344714879989624,0.2048622965812683,0.041935693472623825,0.0,0.0
825,0.0,0.0,0.0,0.0,0.0,0.0
826,0.0,0.0,0.0,0.0,0.0,0.0
827,0.8861804604530334,0.928572416305542,0.5200570225715637,0.0,0.0,0.0
828,0.0,0.0,0.0,0.0,0.0,0.0
829,0.0,0.0,0.0,0.0,0.0,0.0
830,0.2866665720939636,0.25265511870384216,0.22368383407592773,0.1816333532333374,0.0,0.0
831,0.0,0.0,0.0,0.0,0.0,0.0
832,0.0,0.0,0.0,0.0,0.0,0.0
833,0.6193683743476868,0.39631468057632446,0.0,0.1531687080860138,0.0,0.0
834,0.0,0.0,0.0,0.0,0.0,0.0
835,0.11442257463932037,0.0,0.0,0.0,0.0,0.0
836,0.0,0.0,0.0,0.0,0.0,0.0
837,0.0,0.0,0.0,0.0,0.0,0.0
838,0.0,0.0,0.0,0.0,0.0,0.0
839,0.06749929487705231,0.0,0.0,0.0,0.0,0.0
840,0.0,0.0,0.0,0.1614580601453781,0.13867823779582977,0.0
841,0.0,0.0,0.0,0.0,0.0,0.0
842,0.0,0.0,0.0,0.0,0.0,0.0
843,0.3534739017486572,0.3883722722530365,0.36870911717414856,0.2267482876777649,0.153594508767128,0.15267950296401978
844,0.06379284709692001,0.0,0.0,0.03018060512840748,0.0,0.0
845,0.0,0.0,0.0,0.0,0.0,0.0
846,0.0,0.0,0.0,0.0,0.0,0.0
847,0.0,0.0,0.0,0.0,0.0,0.0
848,0.0,0.0,0.04385347664356232,0.06671588867902756,0.0,0.0
849,0.0,0.0,0.0,0.0,0.0,0.0
850,0.0,0.0,0.0,0.0,0.0,0.0
851,0.27066588401794434,0.0,0.32074713706970215,0.15569593012332916,0.14987091720104218,0.0
852,0.5371426939964294,0.7098683714866638,0.5187035202980042,0.6396652460098267,0.6393340229988098,0.5519876480102539
853,0.0,0.0,0.0,0.0,0.0,0.0
854,0.0,0.0,0.0,0.0,0.0,0.13819904625415802
855,0.0,0.0,0.0,0.0,0.0,0.0
856,0.0,0.0,0.0,0.0,0.0,0.0
857,0.0,0.0,0.0,0.0,0.0,0.0
858,0.0,0.0,0.0,0.0,0.0,0.0
859,0.0,0.0,0.15147478878498077,0.0,0.0,0.08306458592414856
860,0.6499236822128296,0.615288496017456,0.0,0.0,0.0,0.16257183253765106
861,0.11028559505939484,0.0,0.0,0.0,0.0,0.0
862,0.0,0.0,0.0,0.0,0.0,0.0
863,0.0,0.0,0.0,0.0,0.0,0.0
864,0.0,0.0,0.0,0.0,0.0,0.0
865,0.0,0.0,0.0,0.0,0.0,0.0
866,0.0,0.0,0.0,0.0,0.0,0.0
867,0.0,0.0,0.0,0.0,0.0,0.0
868,0.135257288813591,0.10531014949083328,0.1151934489607811,0.0,0.0,0.0
869,0.0,0.0,0.0,0.0,0.0,0.0
870,0.0,0.0,0.0,0.0,0.0,0.0
871,0.0,0.0,0.0,0.0,0.0,0.0
872,0.0,0.0,0.0,0.0,0.0,0.0
873,0.0,0.0,0.0,0.0,0.0,0.0
874,0.0,0.0,0.0,0.0,0.0,0.0
875,0.0,0.0,0.0,0.0,0.0,0.0
876,0.0,0.0,0.0,0.0,0.0,0.0
877,0.0,0.0,0.0,0.0,0.0,0.0
878,0.0,0.0,0.0,0.0,0.0,0.0
879,0.0,0.0,0.0,0.0,0.0,0.0
880,0.9366074204444885,0.8680444359779358,0.8507935404777527,0.898036777973175,0.8612902760505676,0.8730303049087524
881,0.07073472440242767,0.0,0.06917879730463028,0.0,0.0,0.028600508347153664
882,0.0,0.0,0.0,0.0,0.0,0.0
883,0.0,0.0,0.0,0.0,0.0,0.0
884,0.06606824696063995,0.0,0.0,0.0,0.0,0.0
885,0.2098454236984253,0.37661513686180115,0.5514787435531616,0.4597456455230713,0.5286456346511841,0.3912965655326843
886,0.34548816084861755,0.4086012840270996,0.171322301030159,0.18357513844966888,0.0,0.0
887,0.1569940447807312,0.1428048312664032,0.08476705849170685,0.0,0.0,0.0
888,0.0,0.0,0.0,0.0,0.0,0.0
889,0.12030734866857529,0.04950238764286041,0.0,0.0,0.0,0.0
890,0.0,0.0,0.0,0.0,0.0,0.0
891,0.0,0.0,0.0,0.0,0.0,0.0
892,0.0,0.0,0.0,0.0,0.0,0.0
893,0.7076365947723389,0.6004303097724915,0.5434020757675171,0.29567089676856995,0.21620257198810577,0.41301092505455017
894,0.0,0.0,0.0,0.0,0.0,0.0
895,0.0,0.0,0.0,0.0,0.0,0.0
896,0.0,0.0,0.0,0.0,0.0,0.0
897,0.49837225675582886,0.3724379539489746,0.27491578459739685,0.15744802355766296,0.14511454105377197,0.06853153556585312
898,0.0,0.0,0.0,0.0,0.0,0.0
899,0.0,0.0,0.0,0.14210744202136993,0.0,0.0
900,0.0,0.0,0.0,0.0,0.0,0.0
901,0.0,0.0,0.0,0.0,0.0,0.0
902,0.0,0.0,0.0,0.0,0.0,0.0
903,0.0,0.0,0.0,0.0,0.0,0.0
904,0.0,0.0,0.0,0.0,0.0,0.0
905,0.0,0.0,0.0,0.0,0.0,0.0
906,0.0,0.0,0.0,0.0,0.0,0.0
907,0.2898962199687958,0.23038429021835327,0.0,0.0,0.0,0.0
908,0.0,0.0,0.0,0.0,0.0,0.0
909,0.1896996647119522,0.1874588429927826,0.5734106302261353,0.1759767234325409,0.46117573976516724,0.11394930630922318
910,0.0,0.0,0.0,0.0,0.0,0.0
911,0.0,0.0,0.0,0.0,0.0,0.0
912,0.0,0.0,0.0,0.0,0.0,0.0
913,0.0,0.0,0.0,0.0,0.0,0.0
914,0.3340897560119629,0.5464670658111572,0.19091002643108368,0.15391261875629425,0.21781978011131287,0.297312468290329
915,0.0,0.0,0.0,0.0,0.0,0.0
916,0.0,0.0,0.0,0.0,0.0,0.0
917,0.6395182609558105,0.4942222237586975,0.5026159286499023,0.26674485206604004,0.42226025462150574,0.11236080527305603
918,0.0,0.0,0.0,0.0,0.0,0.0
919,0.21085987985134125,0.13371852040290833,0.0,0.18057887256145477,0.2944503128528595,0.28401634097099304
920,0.0,0.0,0.0,0.0,0.0,0.0
921,0.0,0.0,0.0,0.0,0.0,0.0
922,0.0,0.0,0.0,0.0,0.0,0.0
923,0.0,0.0,0.0,0.0,0.0,0.0
924,0.0,0.0,0.0,0.0,0.0,0.0
925,0.0550522543489933,0.0,0.0,0.0,0.0,0.0
926,0.1177946999669075,0.0,0.0,0.0,0.0,0.0
927,0.4290213882923126,0.4214918315410614,0.0,0.0,0.0,0.0
928,0.0,0.0,0.0,0.0,0.0,0.0
929,0.0,0.0,0.0,0.0,0.0,0.14180776476860046
930,0.308170348405838,0.15836942195892334,0.2558943033218384,0.20731240510940552,0.0,0.0
931,0.0,0.0,0.0,0.0,0.0,0.0
932,0.0,0.0,0.0,0.0,0.0,0.0
933,0.7475800514221191,0.7299541234970093,0.7481950521469116,0.575382649898529,0.56862872838974,0.45167964696884155
934,0.0,0.0,0.0,0.0,0.0,0.0
935,0.0,0.0,0.0,0.0,0.0,0.0
936,0.6209967136383057,0.42114636301994324,0.2344098538160324,0.11487995833158493,0.0,0.0
937,0.5155565738677979,0.2589801847934723,0.0,0.5811281204223633,0.7449840307235718,0.6024369597434998
938,0.36947572231292725,0.37351855635643005,0.35508546233177185,0.12822556495666504,0.07444944232702255,0.18227839469909668
939,0.0,0.0,0.0,0.0,0.0,0.0
940,0.0,0.0,0.0,0.0,0.0,0.0
941,0.0,0.0,0.0,0.0,0.0,0.0
942,0.0,0.0,0.0,0.0,0.0,0.0
943,0.16008828580379486,0.0,0.0,0.0,0.0,0.0
944,0.0,0.0,0.0,0.0,0.0,0.0
945,0.0,0.0,0.0,0.0,0.0,0.0
946,0.0,0.0,0.0,0.0,0.0,0.0
947,0.3096703588962555,0.0,0.0,0.4871962368488312,0.0,0.0
948,0.0,0.0,0.0,0.0,0.0,0.0
949,0.0,0.0,0.0,0.0,0.0,0.0
950,0.0,0.0,0.0,0.0,0.0,0.0
951,0.0,0.0,0.0,0.0,0.0,0.0
952,0.0,0.0,0.0,0.0,0.0,0.0
953,0.0,0.0,0.0,0.0,0.0,0.0
954,0.0,0.0,0.0,0.0,0.0,0.0
955,0.0,0.0,0.0,0.0,0.0,0.0
956,0.0,0.0,0.0,0.0,0.16253240406513214,0.11794766783714294
957,0.0,0.0,0.0,0.0,0.0,0.0
958,0.0,0.0,0.0,0.0,0.0,0.0
959,0.0,0.0,0.0,0.0,0.0,0.0
960,0.0,0.0,0.0,0.0,0.0,0.0
961,0.0,0.0,0.0,0.0,0.0,0.0
962,0.42207080125808716,0.4198145866394043,0.48223406076431274,0.37342125177383423,0.5415721535682678,0.6894941329956055
963,0.0,0.0,0.0,0.0,0.18081294000148773,0.0
964,0.0,0.0,0.0,0.0,0.0,0.0
965,0.23739661276340485,0.1904997080564499,0.0,0.0,0.0,0.0
966,0.0,0.0,0.0,0.0,0.0,0.0
967,0.0,0.0,0.0,0.0,0.04640970751643181,0.06632858514785767
968,0.0,0.0,0.0,0.0,0.0,0.0
969,0.0,0.0,0.0,0.0,0.0,0.0
970,0.0,0.0,0.0,0.0,0.0,0.0
971,0.20129218697547913,0.0,0.0,0.0,0.0,0.27833911776542664
972,0.0,0.0,0.0,0.0,0.0,0.0
973,0.0,0.0,0.0,0.0,0.0,0.0
974,0.0,0.0,0.0,0.0,0.0,0.0
975,0.04339124634861946,0.0,0.0,0.0,0.0,0.0
976,0.0,0.0,0.0,0.0,0.0,0.0
977,0.0,0.0,0.0,0.0,0.0,0.0
978,0.0,0.11297627538442612,0.1612343043088913,0.15793469548225403,0.08172503113746643,0.036456648260354996
979,0.0,0.0,0.0,0.0,0.0,0.0
980,0.0,0.0,0.0,0.0,0.0,0.0
981,0.36973458528518677,0.5493842959403992,0.6757640242576599,0.6120544672012329,0.21915820240974426,0.3130306899547577
982,0.7417609095573425,0.715279221534729,0.5164375305175781,0.4759961664676666,0.5970863699913025,0.5484177470207214
983,0.0,0.0,0.0,0.0,0.0,0.0
984,0.0,0.1519993394613266,0.0,0.10292893648147583,0.1288619488477707,0.0
985,0.0,0.0,0.0,0.0,0.0,0.0
986,0.0,0.0,0.0,0.0,0.0,0.0
987,0.0,0.0,0.0,0.0,0.0,0.0
988,0.0,0.0,0.10246212035417557,0.2647779881954193,0.365093469619751,0.0
989,0.0,0.0,0.0,0.0,0.0,0.0
990,0.4787093698978424,0.5791913866996765,0.47125130891799927,0.30130326747894287,0.19375388324260712,0.0
991,0.0,0.0,0.0,0.0,0.0,0.0
992,0.0,0.0,0.0,0.0,0.0,0.0
993,0.0,0.0,0.0,0.0,0.0,0.0
994,0.19355984032154083,0.18894650042057037,0.22025731205940247,0.3118908107280731,0.4493166506290436,0.2487810105085373
995,0.0,0.0,0.0,0.0,0.0,0.0
996,0.0,0.0,0.0,0.0,0.0,0.0
997,0.0,0.0,0.0,0.0,0.0,0.0
998,0.0,0.0,0.0,0.0,0.0,0.0
999,0.17827177047729492,0.035408828407526016,0.0,0.0,0.0,0.0
